compliant,compliant_type,recieved_date,incident_date,county,incident_status_desc,zip,incident_closed_date
232189,"Illegal Dumping, Waste",2024-02-28,2024-02-28,Anne Arundel,Under Investigation,,
232183,"Illegal Discharge or Outfall, Nontidal Wetlands, Unknown Substance, Water Pollutant Release",2024-02-27,2024-02-07,Baltimore,Under Investigation,21030,
232180,Industrial Non-Complying Discharge,2024-02-27,2024-02-26,Worcester,Under Investigation,21811,
232179,Other,2024-02-27,2024-02-27,Anne Arundel,Incident Closed-Managed,,2024-02-28
232178,"Industrial, Stormwater",2024-02-26,2024-02-26,Baltimore,Under Investigation,21220,
232177,"Chemical Release/Spill, Water Seepage",2024-02-26,2024-02-26,Harford,Under Investigation,,
232174,"Industrial, Lead Paint Poisoning Complaint",2024-02-26,2024-02-26,Baltimore City,Under Investigation,,
232173,Industrial Non-Complying Discharge,2024-02-23,2024-02-22,Howard,Under Investigation,21075,
232172,Illegal Dumping,2024-02-19,2024-02-19,Calvert,Referred to LMA,20678-423,
232171,"Possible Permit Violation, Tidal Wetlands",2024-02-23,2024-02-23,Baltimore,Under Investigation,21221,
232170,Tidal Wetlands,2024-02-23,2024-02-22,Talbot,Under Investigation,21673,
232168,Nontidal Wetlands,2024-02-23,2024-02-22,Talbot,Referred to Outside Agency,21601,
222173,Tidal Wetlands,2024-02-22,2024-02-21,Anne Arundel,Under Investigation,21403,
222171,Sediment/ Stormwater Problem,2024-02-22,2024-02-22,Prince George's,Under Investigation,20715,
222170,"Hazardous Waste, Illegal Dumping",2024-02-22,2024-02-21,Baltimore,Under Investigation,21220,
222168,Other,2024-02-22,2024-02-20,Washington,Under Investigation,21750,
222167,"Non-Tidal Wetlands/Waterway, Possible Permit Violation",2024-02-21,2024-02-21,Harford,Under Investigation,,
222166,Sediment,2024-02-21,2024-02-21,Baltimore,Referred to Outside Agency,,
222164,"Air Pollutant Release, Fumes, Odor, Unknown Substance, Water Pollutant Release",2024-02-21,2024-02-12,Baltimore City,Referred to WMA,,
222163,"Non-Tidal Wetlands/Waterway, Sediment",2024-02-21,2024-02-14,Talbot,Under Investigation,21625,
222162,Sediment/ Stormwater Problem,2024-02-21,2024-02-16,Montgomery,Under Investigation,20817,
222161,Non-Tidal Wetlands/Waterway,2024-02-21,2024-02-20,Montgomery,Under Investigation,20854,
222159,Sediment,2024-02-20,2024-02-20,Anne Arundel,Under Investigation,21054,
222136,"Oil Release/Spill, Tidal Wetlands, Water Pollutant Release",2024-02-15,2024-02-15,Anne Arundel,Referred to Outside Agency,21060,
222134,Nontidal Wetlands,2024-02-15,2024-02-15,Washington,Under Investigation,21795,
222134,Nontidal Wetlands,2024-02-15,2024-02-15,Washington,Under Investigation,21795,
222128,Nontidal Wetlands,2024-02-15,2024-02-14,Dorchester,Under Investigation,21677,
222127,Sediment/ Stormwater Problem,2024-02-15,2024-02-14,Somerset,Under Investigation,21817,
222126,"Non-Tidal Wetlands/Waterway, Nontidal Wetlands",2024-02-15,2024-02-13,Howard,Under Investigation,21041,
222123,Chemical Release/Spill,2024-02-14,2024-02-14,Baltimore,Under Investigation,,
222119,Illegal Discharge or Outfall,2024-02-13,2024-02-08,Harford,Under Investigation,21078,
222118,Other,2024-02-13,2024-02-13,Frederick,Under Investigation,,
222117,Illegal Discharge or Outfall,2024-02-13,2024-02-12,Frederick,Under Investigation,21702,
222105,Illegal Dumping,2024-02-12,2024-02-12,Baltimore,Incident Closed - No further action,21030,2024-02-12
222104,Unknown Substance,2024-02-12,2024-02-09,Baltimore,Incident Closed-No Violation Observed,21057,2024-02-12
222103,Municipal,2024-02-12,2024-02-09,Frederick,Under Investigation,21788,
222102,Illegal Discharge or Outfall,2024-02-12,2024-02-12,Baltimore,Under Investigation,21030,
222100,Non-Tidal Wetlands/Waterway,2024-02-09,2024-02-08,Carroll,Under Investigation,21771,
222100,Non-Tidal Wetlands/Waterway,2024-02-09,2024-02-08,Carroll,Under Investigation,21771,
222099,Non-Tidal Wetlands/Waterway,2024-02-09,2024-02-09,Anne Arundel,Under Investigation,20764,
222098,Tidal Wetlands,2024-02-09,2024-02-09,Queen Anne's,Under Investigation,21619,
222097,Illegal Wetland Alteration,2024-02-09,2024-02-06,Carroll,Under Investigation,21074,
222095,Municipal/SSO,2024-02-09,2024-02-05,Dorchester,Under Investigation,21613,
222082,Industrial Non-Complying Discharge,2024-02-08,2023-12-22,Prince George's,Under Investigation,,
222079,Fish Kill,2024-02-07,2024-02-07,Baltimore,Incident Closed - No further action,21227,2024-02-23
222078,Illegal Discharge or Outfall,2024-02-07,2024-02-07,Worcester,Under Investigation,21811,
222078,Illegal Discharge or Outfall,2024-02-07,2024-02-07,Worcester,Under Investigation,21811,
222078,Illegal Discharge or Outfall,2024-02-07,2024-02-07,Worcester,Under Investigation,21811,
222077,Nontidal Wetlands,2024-02-07,2024-02-07,Somerset,Under Investigation,21871,
222076,Other,2024-02-07,2024-02-07,Frederick,Referred to Outside Agency,,
222075,Illegal Discharge or Outfall,2024-02-07,2024-02-07,Montgomery,Under Investigation,20877,
222074,Nontidal Wetlands,2024-02-07,2024-02-07,Carroll,Under Investigation,21048,
222074,Nontidal Wetlands,2024-02-07,2024-02-07,Carroll,Under Investigation,21048,
222073,Other,2024-02-07,2024-02-07,Washington,Referred to WMA,,
222072,"Illegal Dumping, Oil Release/Spill, Other",2024-02-07,2024-02-07,St. Mary's,Under Investigation,,
222069,"Suspected Operation without Permit, Tidal Wetlands",2024-02-05,2024-02-05,Anne Arundel,Incident Closed-Managed,21403,2024-02-23
222065,Tidal Wetlands,2024-02-05,2024-01-24,Calvert,Under Investigation,20657,
222058,Hazardous Waste,2024-02-05,2024-01-31,Worcester,Under Investigation,21804,
222057,Sediment,2024-02-05,2024-02-01,Dorchester,Under Investigation,21631,
222056,Water Pollutant Release,2024-02-05,2024-02-02,Calvert,Incident Closed - No further action,20754,2024-02-08
222050,Other,2024-02-02,2024-02-01,Carroll,Under Investigation,21048,
222049,Other,2024-02-02,2024-01-31,Allegany,Referred to Outside Agency,,
222048,"Nontidal Wetlands, Sediment",2024-02-02,2024-02-01,Frederick,Referred to Outside Agency,21788,
222047,Sediment,2024-02-02,2024-02-01,Frederick,Referred to Outside Agency,21788,
222046,Sediment,2024-02-02,2024-02-01,Frederick,Referred to Outside Agency,21788,
222045,Other,2024-02-02,2024-02-01,Frederick,Referred to Outside Agency,,
222042,Sediment,2024-02-01,2026-01-31,Somerset,Under Investigation,21853,
222042,Sediment,2024-02-01,2026-01-31,Somerset,Under Investigation,21853,
222038,Water Pollutant Release,2024-02-01,2024-02-01,Charles,Under Investigation,20645,
222038,Water Pollutant Release,2024-02-01,2024-02-01,Charles,Under Investigation,20645,
222035,Unknown Substance,2024-01-31,2024-01-31,Baltimore City,Incident Closed - No further action,,2024-02-01
222034,Suspected Operation without Permit,2024-01-31,2024-01-31,Baltimore,Under Investigation,,
222033,Municipal Non-Complying Discharge,2024-01-31,2024-01-26,Somerset,Under Investigation,21817,
222031,Municipal Non-Complying Discharge,2024-01-31,2024-01-28,Somerset,Under Investigation,21817,
222030,Sediment,2024-01-29,2024-01-25,Washington,Under Investigation,21713,
222029,Sediment,2024-01-29,2024-01-25,Washington,Under Investigation,21742,
222028,Industrial Non-Complying Discharge,2024-01-29,2024-01-29,Howard,Under Investigation,,
222025,"Odor, Water Pollutant Release",2024-01-27,2024-01-27,Baltimore City,Under Investigation,21226,
222025,"Odor, Water Pollutant Release",2024-01-27,2024-01-27,Baltimore City,Under Investigation,21226,
222025,"Odor, Water Pollutant Release",2024-01-27,2024-01-27,Baltimore City,Under Investigation,21226,
222025,"Odor, Water Pollutant Release",2024-01-27,2024-01-27,Baltimore City,Under Investigation,21226,
222025,"Odor, Water Pollutant Release",2024-01-27,2024-01-27,Baltimore City,Under Investigation,21226,
222025,"Odor, Water Pollutant Release",2024-01-27,2024-01-27,Baltimore City,Under Investigation,21226,
222025,"Odor, Water Pollutant Release",2024-01-27,2024-01-27,Baltimore City,Under Investigation,21226,
222025,"Odor, Water Pollutant Release",2024-01-27,2024-01-27,Baltimore City,Under Investigation,21226,
222025,"Odor, Water Pollutant Release",2024-01-27,2024-01-27,Baltimore City,Under Investigation,21226,
222024,"Sewage/Sludge Release, Water Pollutant Release",2024-01-26,2024-01-26,Anne Arundel,Incident Closed - No further action,21032,2024-01-29
222023,Sediment,2024-01-26,2024-01-26,Allegany,Under Investigation,21562,
222021,"Possible Permit Violation, Tidal Wetlands",2024-01-26,2024-01-26,Charles,Under Investigation,20693,
222020,Sediment/ Stormwater Problem,2024-01-26,2024-01-26,Somerset,Under Investigation,21817,
222018,"Illegal Dumping, Possible Permit Violation",2024-01-26,2024-01-21,Baltimore City,Incident Closed - No further action,21230,2024-01-31
222017,Possible Permit Violation,2024-01-26,2024-01-26,Anne Arundel,Under Investigation,21012,
222013,Water Pollutant Release,2024-01-25,2024-01-25,Baltimore City,Under Investigation,21230,
222011,"Suspected Operation without Permit, Water Pollutant Release",2024-01-24,2024-01-24,Baltimore,Under Investigation,21227,
222006,Suspected Operation without Permit,2024-01-24,2024-01-24,Anne Arundel,Incident Closed-Managed,21409,2024-02-05
222003,Municipal Non-Complying Discharge,2024-01-24,2023-12-27,Somerset,Under Investigation,21853,
222001,Tidal Wetlands,2024-01-23,2024-01-23,Talbot,Under Investigation,21662,
222000,Sewage/Sludge Release,2024-01-23,2024-01-19,St. Mary's,Referred to Outside Agency,,
221999,Municipal,2024-01-23,2024-01-23,Frederick,Incident Closed-Managed,21701,2024-01-23
221997,"Possible Permit Violation, Tidal Wetlands",2024-01-22,2024-01-22,Baltimore,Under Investigation,21221,
221995,Nontidal Wetlands,2024-01-22,2024-01-18,Worcester,Under Investigation,21811,
221994,Municipal/SSO,2024-01-22,2024-01-15,Dorchester,Under Investigation,21613,
221993,"Illegal Dumping, Water Pollutant Release",2024-01-19,2024-01-16,Baltimore,Under Investigation,,
211994,Fish Kill,2024-01-18,2024-01-17,Montgomery,Under Investigation,,
211993,"Agricultural, Sediment/ Stormwater Problem",2024-01-18,2024-01-18,Anne Arundel,Under Investigation,,
211991,"Illegal Dumping, Possible Permit Violation, Sediment",2024-01-17,2024-01-17,Anne Arundel,Incident Closed-Managed,21410,2024-02-13
211987,Industrial,2024-01-16,2024-01-16,Baltimore,Under Investigation,21222,
211986,"Illegal Dumping, Non-Tidal Wetlands/Waterway",2024-01-16,2024-01-08,Anne Arundel,Under Investigation,21122,
211978,Other,2024-01-12,2024-01-12,Allegany,Incident Closed-No Violation Observed,21502,2024-01-23
211976,"Other, Sediment/ Stormwater Problem",2024-01-12,2024-01-12,Talbot,Under Investigation,,
211975,Non-Tidal Wetlands/Waterway,2024-01-12,2024-01-02,Allegany,Under Investigation,21530,
211974,"Odor, Sewage/Sludge Release",2024-01-12,2024-01-11,Howard,Incident Closed-Restored,21797,2024-01-17
211969,Nontidal Wetlands,2024-01-10,2024-01-08,Montgomery,Under Investigation,20905,
211966,"Industrial, Water Pollutant Release",2024-01-10,2024-01-10,Calvert,Incident Closed-Managed,20736,2024-02-20
211965,"Sediment/ Stormwater Problem, Suspected Operation without Permit",2024-01-10,2024-01-10,Baltimore,Referred to Outside Agency,,
211962,Sediment,2024-01-09,2024-01-08,Montgomery,Incident Closed-Managed,20833,2024-02-12
211958,"Agricultural, Sediment",2024-01-09,2024-01-08,Washington,Referred to Outside Agency,21783,
211957,Oil Release/Spill,2024-01-09,2024-01-05,Carroll,Referred to LMA,,
211954,Illegal Dumping,2024-01-08,2024-01-08,Harford,Under Investigation,21013,
211952,Sediment,2024-01-05,2024-01-05,Prince George's,Under Investigation,20770,
211952,Sediment,2024-01-05,2024-01-05,Prince George's,Under Investigation,20770,
211952,Sediment,2024-01-05,2024-01-05,Prince George's,Under Investigation,20770,
211951,Sediment,2024-01-05,2024-01-03,Washington,Under Investigation,21782,
211950,"Non-Tidal Wetlands/Waterway, Possible Permit Violation",2024-01-04,2024-01-04,Baltimore,Under Investigation,,
211945,Other,2024-01-03,2023-12-21,Caroline,Under Investigation,21660,
211944,Sediment,2024-01-03,2024-01-02,Worcester,Under Investigation,21863,
211944,Sediment,2024-01-03,2024-01-02,Worcester,Under Investigation,21863,
211941,Illegal Dumping,2024-01-03,2024-01-03,Baltimore,Under Investigation,21222,
211940,Sediment,2024-01-03,2024-01-03,Dorchester,Under Investigation,,
211939,Sediment,2024-01-03,2023-12-20,Caroline,Under Investigation,21609,
211937,"Illegal Wetland Alteration, Possible Permit Violation",2024-01-03,2024-01-03,Charles,Incident Closed - No further action,20607,2024-02-07
211937,"Illegal Wetland Alteration, Possible Permit Violation",2024-01-03,2024-01-03,Charles,Incident Closed - No further action,20607,2024-02-07
211933,Sewage/Sludge Release,2023-12-31,2023-12-31,Baltimore,Under Investigation,21237,
211933,Sewage/Sludge Release,2023-12-31,2023-12-31,Baltimore,Under Investigation,21237,
211931,Sediment,2023-12-29,2023-12-29,Harford,Under Investigation,21085,
211931,Sediment,2023-12-29,2023-12-29,Harford,Under Investigation,21085,
211931,Sediment,2023-12-29,2023-12-29,Harford,Under Investigation,21085,
211931,Sediment,2023-12-29,2023-12-29,Harford,Under Investigation,21085,
211931,Sediment,2023-12-29,2023-12-29,Harford,Under Investigation,21085,
211931,Sediment,2023-12-29,2023-12-29,Harford,Under Investigation,21085,
211929,"Illegal Wetland Alteration, Nontidal Wetlands, Possible Permit Violation, Sediment/ Stormwater Problem",2023-12-27,2023-12-27,Baltimore,Under Investigation,,
211927,Industrial Non-Complying Discharge,2023-12-26,2023-12-26,Howard,Incident Closed-Managed,20723,2023-12-26
211925,Nontidal Wetlands,2023-12-22,2023-12-22,Anne Arundel,Under Investigation,21113,
211917,"Industrial, Water Pollutant Release",2023-12-22,2023-12-22,Baltimore,Under Investigation,21162,
211915,Sediment/ Stormwater Problem,2023-12-22,2023-12-22,Baltimore,Referred to Outside Agency,,
201906,Chemical Release/Spill,2023-12-21,2023-12-21,Baltimore,Under Investigation,21030,
201903,"Floodplain, Non-Tidal Wetlands/Waterway",2023-12-20,2023-11-21,Harford,Under Investigation,21015,
201901,Water Pollutant Release,2023-12-20,2023-12-20,Baltimore,Under Investigation,21221,
201901,Water Pollutant Release,2023-12-20,2023-12-20,Baltimore,Under Investigation,21221,
201897,Sewage/Sludge Release,2023-12-20,2023-12-19,Anne Arundel,Incident Closed-Managed,21122,2024-01-30
201896,Sediment,2023-12-19,2023-12-18,Howard,Under Investigation,,
201895,Sediment,2023-12-19,2023-12-18,Queen Anne's,Under Investigation,21638,
201893,Non-Tidal Wetlands/Waterway,2023-12-19,2023-12-19,Anne Arundel,Incident Closed-Managed,,2024-02-01
201892,Illegal Discharge or Outfall,2023-12-19,2023-12-18,Anne Arundel,Incident Closed-Managed,20711,2024-02-12
201891,Illegal Discharge or Outfall,2023-12-19,2023-12-18,Anne Arundel,Incident Closed-Managed,20711,2024-02-12
201891,Illegal Discharge or Outfall,2023-12-19,2023-12-18,Anne Arundel,Incident Closed-Managed,20711,2024-02-12
201890,Sediment,2023-12-19,2023-12-18,Caroline,Under Investigation,21655,
201888,"Industrial, Possible Permit Violation",2023-12-19,2023-12-19,Harford,Referred to Outside Agency,,
201887,"Possible Permit Violation, Sediment",2023-12-18,2023-12-18,Anne Arundel,Incident Closed-Managed,,2023-12-20
201886,Non-Tidal Wetlands/Waterway,2023-12-18,2023-12-18,Baltimore,Incident Closed-No Violation Observed,21117,2023-12-21
201884,"Drinking Water, Possible Permit Violation",2023-12-18,2023-12-17,Baltimore,Incident Closed-Managed,21237,2023-12-18
201884,"Drinking Water, Possible Permit Violation",2023-12-18,2023-12-17,Baltimore,Incident Closed-Managed,21236,2023-12-18
201882,Non-Tidal Wetlands/Waterway,2023-12-18,2023-12-18,Washington,Under Investigation,21758,
201881,Odor,2023-12-18,2023-12-18,Anne Arundel,Incident Closed - No further action,21060,2024-01-22
201880,Tidal Wetlands,2023-12-18,2023-12-06,Somerset,Under Investigation,21817,
201880,Tidal Wetlands,2023-12-18,2023-12-06,Somerset,Under Investigation,21817,
201880,Tidal Wetlands,2023-12-18,2023-12-06,Somerset,Under Investigation,21817,
201879,Oil Release/Spill (Open Water),2023-12-18,2023-12-17,Anne Arundel,Incident Closed-Managed,,2024-02-01
201878,"Non-Tidal Wetlands/Waterway, Possible Permit Violation, Sediment",2023-12-15,2023-12-15,Calvert,Referred to Enforcement/Compliance,20605,
201878,"Non-Tidal Wetlands/Waterway, Possible Permit Violation, Sediment",2023-12-15,2023-12-15,Calvert,Referred to Enforcement/Compliance,20605,
201877,Non-Tidal Wetlands/Waterway,2023-12-15,2023-12-11,Frederick,Under Investigation,21703,
201876,Other,2023-12-15,2023-12-12,Carroll,Referred to Outside Agency,21102-121,
201874,Possible Permit Violation,2023-12-14,2023-12-14,St. Mary's,Under Investigation,20619,
201870,"Agricultural, Non-Tidal Wetlands/Waterway",2023-12-14,2023-12-14,Baltimore,Under Investigation,21057,
201854,Sediment,2023-12-12,2023-12-05,Somerset,Under Investigation,21871,
201854,Sediment,2023-12-12,2023-12-05,Somerset,Under Investigation,21871,
201853,Sediment/ Stormwater Problem,2023-12-12,2023-12-11,Harford,Incident Closed-Managed,21085,2023-12-12
201851,"Other, Sediment/ Stormwater Problem, Unknown Substance",2023-12-12,2023-12-12,Anne Arundel,Under Investigation,,
201847,Nontidal Wetlands,2023-12-11,2023-12-05,Dorchester,Under Investigation,21634,
201846,Sediment,2023-12-11,2023-12-04,Dorchester,Under Investigation,21634,
201839,Sediment,2023-12-08,2023-12-08,Baltimore City,Under Investigation,,
201838,Illegal Discharge or Outfall,2023-12-08,2023-12-06,Anne Arundel,Under Investigation,21113,
201837,"Non-Tidal Wetlands/Waterway, Sediment/ Stormwater Problem",2023-12-08,2023-12-08,St. Mary's,Referred to Outside Agency,,
201836,Sewage/Sludge Release,2023-12-08,2023-12-08,Baltimore City,Under Investigation,,
201824,"Possible Permit Violation, Unknown Substance",2023-12-06,2023-12-06,Baltimore,Under Investigation,,
201817,Illegal Discharge or Outfall,2023-12-05,2023-11-28,Harford,Incident Closed-Managed,21078,2024-01-22
201816,Illegal Dumping,2023-12-05,2023-12-05,Allegany,Referred to LMA,,
201815,Non-Tidal Wetlands/Waterway,2023-12-05,2023-12-01,Garrett,Under Investigation,21550,
201812,Possible Permit Violation,2023-12-04,2023-12-04,Anne Arundel,Incident Closed-Managed,21122,2023-12-28
201808,"Illegal Discharge or Outfall, Illegal Dumping",2023-12-01,2023-11-30,Baltimore,Incident Closed-Managed,21228,2023-12-01
191815,Illegal Discharge or Outfall,2023-11-30,2023-11-30,Montgomery,Under Investigation,20879,
191814,Tidal Wetlands,2023-11-30,2023-11-30,Anne Arundel,Incident Closed-Managed,21037,2024-02-01
191814,Tidal Wetlands,2023-11-30,2023-11-30,Anne Arundel,Incident Closed-Managed,21037,2024-02-01
191813,Tidal Wetlands,2023-11-30,2023-11-30,Anne Arundel,Incident Closed-Managed,21037,2024-02-12
191811,Oil Release/Spill,2023-11-30,2023-11-30,Anne Arundel,Incident Closed-Managed,21122,2023-12-05
191810,Possible Permit Violation,2023-11-30,2023-11-30,Anne Arundel,Incident Closed-Managed,21037,2024-02-12
191808,Tidal Wetlands,2023-11-30,2023-11-30,Dorchester,Incident Closed - No further action,21613,2023-11-30
191807,Municipal/SSO,2023-11-30,2023-11-30,Baltimore,Referred to Outside Agency,21208,
191806,Industrial Non-Complying Discharge,2023-11-29,2023-11-22,Wicomico,Under Investigation,21801,
191805,Possible Permit Violation,2023-11-28,2023-11-14,Frederick,Under Investigation,21780,
191803,Non-Tidal Wetlands/Waterway,2023-11-28,2023-11-28,Anne Arundel,Incident Closed-Managed,20758,2024-02-12
191801,"Hazardous Waste, Illegal Dumping, Possible Permit Violation",2023-11-28,2023-11-27,St. Mary's,Under Investigation,20032,
191801,"Hazardous Waste, Illegal Dumping, Possible Permit Violation",2023-11-28,2023-11-27,St. Mary's,Under Investigation,20618,
191800,Illegal Dumping,2023-11-27,2023-11-27,Anne Arundel,Referred to Outside Agency,,
191799,Unknown Substance,2023-11-27,2023-11-27,Baltimore,Incident Closed-Managed,,2023-11-28
191798,Sewage/Sludge Release,2023-11-27,2023-11-27,Anne Arundel,Clean-up In Progress,21060,
191798,Sewage/Sludge Release,2023-11-27,2023-11-27,Anne Arundel,Clean-up In Progress,21060,
191797,Other,2023-11-27,2023-11-22,Frederick,Referred to Outside Agency,21788,
191796,Possible Permit Violation,2023-11-27,2023-11-27,Anne Arundel,Under Investigation,,
191795,"Nontidal Wetlands, Possible Permit Violation",2023-11-27,2023-11-27,Anne Arundel,Incident Closed-Managed,21146,2023-12-04
191792,Illegal Discharge or Outfall,2023-11-27,2023-11-07,Charles,Incident Closed-Clean-up Completed,20646,2023-12-05
191792,Illegal Discharge or Outfall,2023-11-27,2023-11-07,Charles,Incident Closed-Clean-up Completed,20646,2023-12-05
191791,Illegal Discharge or Outfall,2023-11-27,2023-11-01,Charles,Incident Closed - No further action,20616,2024-01-03
191791,Illegal Discharge or Outfall,2023-11-27,2023-11-01,Charles,Incident Closed - No further action,20616,2024-01-03
191789,"Fish Kill, Possible Permit Violation, Unknown Substance",2023-11-27,2023-11-27,Baltimore,Incident Closed-Managed,21093,2023-11-27
191788,Industrial,2023-11-22,2023-11-22,Baltimore City,Incident Closed - No further action,21226,2024-01-22
191787,"Sewage/Sludge Release, Water Seepage",2023-11-22,2023-11-22,Baltimore City,Referred to Outside Agency,21229,
191786,Agricultural,2023-11-22,2023-11-22,Charles,Referred to Outside Agency,,
191785,Sediment,2023-11-22,2023-11-22,Anne Arundel,Incident Closed-Managed,21122,2024-02-12
191784,Sediment,2023-11-22,2023-11-22,Anne Arundel,Incident Closed-Managed,21122,2023-11-27
191770,Other,2023-11-21,2023-11-16,Washington,Incident Closed-Managed,,2023-11-21
191768,Sediment/ Stormwater Problem,2023-11-17,2023-11-17,Calvert,Incident Closed-Managed,20678,2024-02-05
191768,Sediment/ Stormwater Problem,2023-11-17,2023-11-17,Calvert,Incident Closed-Managed,20678,2024-02-05
191768,Sediment/ Stormwater Problem,2023-11-17,2023-11-17,Calvert,Incident Closed-Managed,20678,2024-02-05
191768,Sediment/ Stormwater Problem,2023-11-17,2023-11-17,Calvert,Incident Closed-Managed,20678,2024-02-05
191768,Sediment/ Stormwater Problem,2023-11-17,2023-11-17,Calvert,Incident Closed-Managed,20678,2024-02-05
191768,Sediment/ Stormwater Problem,2023-11-17,2023-11-17,Calvert,Incident Closed-Managed,20678,2024-02-05
191768,Sediment/ Stormwater Problem,2023-11-17,2023-11-17,Calvert,Incident Closed-Managed,20678,2024-02-05
191768,Sediment/ Stormwater Problem,2023-11-17,2023-11-17,Calvert,Incident Closed-Managed,20678,2024-02-05
191767,Sediment/ Stormwater Problem,2023-11-09,2023-11-09,Calvert,Under Investigation,20678,
191765,Nontidal Wetlands,2023-11-21,2023-11-21,Anne Arundel,Referred to Outside Agency,,
191764,Sediment,2023-11-21,2023-11-17,Washington,Under Investigation,21740,
191763,Other,2023-11-21,2023-11-20,Montgomery,Under Investigation,20814,
191762,Nontidal Wetlands,2023-11-20,2023-11-14,St. Mary's,Referred to Enforcement/Compliance,20636,
191753,Sewage/Sludge Release,2023-11-18,2023-11-15,Washington,Referred to Outside Agency,,
191752,Sewage/Sludge Release,2023-11-17,2023-11-17,Anne Arundel,Incident Closed-Clean-up Completed,20724,2024-01-11
191751,Non-Tidal Wetlands/Waterway,2023-11-17,2023-11-17,Anne Arundel,Incident Closed-Managed,,2023-12-05
191750,"Illegal Wetland Alteration, Nontidal Wetlands, Possible Permit Violation, Sediment",2023-11-17,2023-11-17,Anne Arundel,Under Investigation,21054,
191745,Municipal Non-Complying Discharge,2023-11-16,2023-11-16,Queen Anne's,Under Investigation,21658,
191743,Other,2023-11-16,2023-11-16,Anne Arundel,Incident Closed-Managed,,2023-12-05
191742,Nontidal Wetlands,2023-11-16,2023-11-08,Dorchester,Under Investigation,21626,
191740,"Illegal Discharge or Outfall, Industrial",2023-11-14,2023-11-14,Baltimore City,Incident Closed-Managed,21226,2023-11-14
191733,Illegal Discharge or Outfall,2023-11-13,2023-11-09,Anne Arundel,Incident Closed-Managed,,2023-11-28
191732,"Waste, Water Pollutant Release",2023-11-13,2023-11-13,Anne Arundel,Incident Closed-Managed,20711,2024-02-12
191728,Non-Tidal Wetlands/Waterway,2023-11-13,2023-11-08,Frederick,Under Investigation,21771,
191727,Odor,2023-11-13,2023-11-13,Anne Arundel,Referred to ARA,21401,
191727,Odor,2023-11-13,2023-11-13,Anne Arundel,Referred to ARA,21401,
191725,Surface Water Quality Complaint,2023-11-11,2023-11-11,Howard,Under Investigation,20723,
191725,Surface Water Quality Complaint,2023-11-11,2023-11-11,Howard,Under Investigation,20723,
191725,Surface Water Quality Complaint,2023-11-11,2023-11-11,Howard,Under Investigation,21227,
191725,Surface Water Quality Complaint,2023-11-11,2023-11-11,Howard,Under Investigation,21227,
191722,Non-Tidal Wetlands/Waterway,2023-11-08,2023-11-08,Charles,Incident Closed - No further action,,2023-12-19
191719,Tidal Wetlands,2023-11-08,2023-11-07,Dorchester,Incident Closed - No further action,21634,2023-11-14
191717,"Non-Tidal Wetlands/Waterway, Stormwater",2023-11-07,2023-11-07,Baltimore,Referred to Outside Agency,,
191716,Nontidal Wetlands,2023-11-07,2023-11-02,Queen Anne's,Under Investigation,21623,
191714,Other,2023-11-06,2023-11-06,Frederick,Referred to Outside Agency,,
191709,Industrial,2023-11-03,2023-11-03,Baltimore City,Incident Closed - No further action,21230,2023-11-07
191708,Sediment/ Stormwater Problem,2023-11-03,2023-11-02,St. Mary's,Referred to Enforcement/Compliance,,
191701,Sediment,2023-11-02,2023-10-26,Talbot,Incident Closed - No further action,21673,2023-11-29
191698,"Illegal Discharge or Outfall, Water Pollutant Release",2023-11-02,2023-11-02,Baltimore,Incident Closed-Managed,21090,2023-11-08
191695,Illegal Discharge or Outfall,2023-11-02,2023-11-02,Charles,Incident Closed-Clean-up Completed,20602,2024-01-31
191695,Illegal Discharge or Outfall,2023-11-02,2023-11-02,Charles,Incident Closed-Clean-up Completed,20602,2024-01-31
191695,Illegal Discharge or Outfall,2023-11-02,2023-11-02,Charles,Incident Closed-Clean-up Completed,20602,2024-01-31
191695,Illegal Discharge or Outfall,2023-11-02,2023-11-02,Charles,Incident Closed-Clean-up Completed,20602,2024-01-31
191694,"Illegal Discharge or Outfall, Unknown Substance",2023-11-01,2023-11-01,Charles,Under Investigation,,
191691,"Illegal Dam, Possible Permit Violation",2023-11-01,2023-11-01,St. Mary's,Under Investigation,20659,
191687,Other,2023-11-01,2023-11-01,Frederick,Referred to Outside Agency,21788,
191679,Sewage/Sludge Release,2023-10-31,2023-10-31,Charles,Under Investigation,,
191678,Possible Permit Violation,2023-10-31,2023-10-31,Charles,Incident Closed - No further action,,2023-11-01
191676,Other,2023-10-30,2023-10-30,Frederick,Referred to LMA,,
191669,"Possible Permit Violation, Sediment, Stormwater",2023-10-27,2023-10-27,Baltimore,Referred to Outside Agency,21204,
191669,"Possible Permit Violation, Sediment, Stormwater",2023-10-27,2023-10-27,Baltimore,Referred to Outside Agency,21204,
191668,Illegal Discharge or Outfall,2023-10-27,2023-10-27,Baltimore City,Under Investigation,,
191666,Sediment,2023-10-26,2023-10-26,Baltimore City,Under Investigation,,
191654,Floodplain,2023-10-25,2023-10-24,Prince George's,Under Investigation,20772,
191653,Water Pollutant Release,2023-10-25,2023-10-25,Baltimore City,Incident Closed-No Violation Observed,21230,2023-10-25
191652,Other,2023-10-25,2023-10-25,Garrett,Under Investigation,,
191651,"Illegal Wetland Alteration, Industrial",2023-10-25,2023-10-25,Baltimore,Under Investigation,21222,
191649,"Illegal Wetland Alteration, Industrial",2023-10-25,2023-10-25,Baltimore,Under Investigation,21222,
191642,"Floodplain, Suspected Operation without Permit",2023-10-24,2023-10-24,Harford,Incident Closed - No further action,21087,2023-10-30
191641,Tidal Wetlands,2023-10-23,2023-10-23,Kent,Incident Closed - No further action,,2023-10-25
191640,Possible Permit Violation,2023-10-23,2023-10-23,Anne Arundel,Incident Closed-Managed,21401,2023-10-24
191639,Sediment,2023-10-23,2023-10-18,Talbot,Incident Closed - No further action,21601,2023-11-06
181630,Sediment,2023-10-19,2023-10-19,Calvert,Referred to Enforcement/Compliance,20639,
181629,"Possible Permit Violation, Tidal Wetlands",2023-10-19,2023-10-19,Harford,Under Investigation,,
181628,Municipal,2023-10-19,2023-10-19,Washington,Under Investigation,21782,
181623,Air,2023-10-18,2023-10-12,Allegany,Referred to ARA,21540-109,
181620,Water Pollutant Release,2023-10-17,2023-08-03,Carroll,Under Investigation,21158,
181619,"Agricultural, Industrial, Unknown Substance",2023-10-17,2023-10-05,Baltimore City,Incident Closed-Clean-up Completed,21224,2024-02-05
181618,"Possible Permit Violation, Tidal Wetlands",2023-10-17,2023-10-16,Anne Arundel,Incident Closed-Managed,21409,2024-02-12
181614,Sediment,2023-10-16,2023-10-16,Washington,Under Investigation,21740,
181610,Sediment,2023-10-13,2023-10-05,Washington,Under Investigation,21756,
181610,Sediment,2023-10-13,2023-10-05,Washington,Under Investigation,21756,
181608,Sediment/ Stormwater Problem,2023-10-13,2023-10-13,Baltimore City,Referred to Outside Agency,21224,
181603,Illegal Discharge or Outfall,2023-10-12,2023-10-12,Baltimore,Under Investigation,21234,
181602,Tidal Wetlands,2023-10-12,2023-10-12,Charles,Referred to Enforcement/Compliance,,
181601,Other,2023-10-12,2023-10-11,Washington,Referred to Outside Agency,21742,
181600,"Unknown Substance, Water Seepage",2023-10-12,2023-10-12,Baltimore,Under Investigation,,
181599,"Municipal/SSO, Other, Sewage/Sludge Release, Waste",2023-10-12,2023-10-12,Anne Arundel,Under Investigation,,
181597,Illegal Discharge or Outfall,2023-10-11,2023-04-18,Frederick,Under Investigation,21754,
181591,Sediment/ Stormwater Problem,2023-10-06,2023-10-06,Baltimore City,Referred to Outside Agency,,
181590,Nontidal Wetlands,2023-10-06,2023-10-06,Washington,Under Investigation,21722,
181589,Nontidal Wetlands,2023-10-06,2023-09-29,Caroline,Under Investigation,21639,
181583,Other,2023-10-05,2023-10-05,St. Mary's,Incident Closed - No further action,20659,2024-02-16
181581,Tidal Wetlands,2023-10-05,2023-09-08,Dorchester,Under Investigation,21613,
181580,"Municipal Non-Complying Discharge, Water Pollutant Release",2023-10-04,2023-10-04,Baltimore,Incident Closed-Managed,21204,2023-10-05
181580,"Municipal Non-Complying Discharge, Water Pollutant Release",2023-10-04,2023-10-04,Baltimore,Incident Closed-Managed,21204,2023-10-05
181580,"Municipal Non-Complying Discharge, Water Pollutant Release",2023-10-04,2023-10-04,Baltimore,Incident Closed-Managed,21204,2023-10-05
181570,Hazardous Waste,2023-10-03,2023-09-24,Prince George's,Under Investigation,20783,
181569,Illegal Dumping,2023-10-03,2023-10-03,Anne Arundel,Incident Closed - No further action,20711,2024-02-12
181568,Stormwater,2023-10-03,2023-08-25,Carroll,Referred to Outside Agency,21158,
181565,"Illegal Dumping, Industrial",2023-10-02,2023-10-02,Anne Arundel,Incident Closed-Managed,21409,2024-02-12
181563,"Non-Tidal Wetlands/Waterway, Sediment",2023-09-29,2023-09-29,Baltimore,Referred to Outside Agency,21136,
181563,"Non-Tidal Wetlands/Waterway, Sediment",2023-09-29,2023-09-29,Baltimore,Referred to Outside Agency,21136,
181562,Municipal,2023-09-29,2023-09-29,Washington,Under Investigation,21713,
181561,Sewage/Sludge Release,2023-09-29,2023-09-29,Anne Arundel,Clean-up In Progress,,
181560,"Air Pollutant Release, Other, Possible Permit Violation",2023-09-28,2023-09-28,Calvert,Incident Closed-No Violation Observed,20714,2023-10-16
181559,Sewage/Sludge Release,2023-09-28,2023-09-28,Baltimore City,Under Investigation,,
181558,Sediment,2023-09-28,2023-09-27,Talbot,Incident Closed - No further action,21601,2023-10-03
181557,Tidal Wetlands,2023-09-28,2023-09-28,Queen Anne's,Incident Closed-No Violation Observed,21658,2023-12-01
181556,"Illegal Dumping, Other, Possible Permit Violation",2023-09-27,2023-09-27,Anne Arundel,Incident Closed-No Violation Observed,21146,2023-09-27
181555,Possible Permit Violation,2023-09-27,2023-09-27,Calvert,Incident Closed-No Violation Observed,20657,2023-11-07
181553,Other,2023-09-27,2023-09-25,Allegany,Incident Closed-Managed,,2023-09-27
181552,Non-Tidal Wetlands/Waterway,2023-09-27,2023-09-26,Calvert,Referred to Enforcement/Compliance,20639,
181552,Non-Tidal Wetlands/Waterway,2023-09-27,2023-09-26,Calvert,Referred to Enforcement/Compliance,20639,
181552,Non-Tidal Wetlands/Waterway,2023-09-27,2023-09-26,Calvert,Referred to Enforcement/Compliance,20639,
181552,Non-Tidal Wetlands/Waterway,2023-09-27,2023-09-26,Calvert,Referred to Enforcement/Compliance,20639,
181550,Sediment,2023-09-25,2023-09-25,Harford,Incident Closed - No further action,21078,2023-11-30
181548,Tidal Wetlands,2023-09-25,2023-09-25,Cecil,Under Investigation,21903,
181547,Nontidal Wetlands,2023-09-25,2023-09-22,Queen Anne's,Under Investigation,21668,
181541,Municipal,2023-09-22,2023-09-21,Garrett,Incident Closed-Managed,00000,2023-09-22
181540,Nontidal Wetlands,2023-09-22,2023-09-22,Allegany,Under Investigation,21539,
181539,Industrial,2023-09-21,2023-09-21,St. Mary's,Referred to Enforcement/Compliance,,
181538,Sediment,2023-09-21,2023-09-21,Dorchester,Under Investigation,21613,
181537,Nontidal Wetlands,2023-09-21,2023-09-20,Montgomery,Under Investigation,,
181536,Tidal Wetlands,2023-09-21,2023-09-21,Charles,Incident Closed-Clean-up Completed,20616,2023-11-20
181536,Tidal Wetlands,2023-09-21,2023-09-21,Charles,Incident Closed-Clean-up Completed,20616,2023-11-20
181535,Tidal Wetlands,2023-09-21,2023-09-21,Charles,Incident Closed-Clean-up Completed,20616,2023-10-26
181534,Stormwater,2023-09-21,2022-09-21,Baltimore,Referred to Outside Agency,,
181533,Tidal Wetlands,2023-09-21,2023-09-21,Charles,Under Investigation,20625,
181527,Fish Kill,2023-09-20,2023-09-20,Baltimore City,Under Investigation,,
181522,Stormwater,2023-09-19,2023-09-18,Talbot,Incident Closed - No further action,21601,2023-10-03
181520,"Illegal Wetland Alteration, Non-Tidal Wetlands/Waterway",2023-09-18,2023-09-18,Harford,Incident Closed - No further action,21154,2023-12-11
181518,"Stormwater, Structural Failure",2023-09-18,2023-09-18,Charles,Incident Closed - No further action,20637,2024-02-09
181518,"Stormwater, Structural Failure",2023-09-18,2023-09-18,Charles,Incident Closed - No further action,20637,2024-02-09
181513,Non-Tidal Wetlands/Waterway,2023-09-18,2023-09-18,Frederick,Referred to WMA,,
181511,Non-Tidal Wetlands/Waterway,2023-09-15,2023-09-15,Allegany,Referred to WMA,,
181509,"Odor, Water Pollutant Release",2023-09-15,2023-09-15,Anne Arundel,Incident Closed-Managed,,2023-09-18
181508,Fish Kill,2023-09-15,2023-09-15,Calvert,Under Investigation,,
181507,"Non-Tidal Wetlands/Waterway, Stormwater",2023-09-15,2023-09-14,Frederick,Under Investigation,21727,
181507,"Non-Tidal Wetlands/Waterway, Stormwater",2023-09-15,2023-09-14,Frederick,Under Investigation,21727,
181507,"Non-Tidal Wetlands/Waterway, Stormwater",2023-09-15,2023-09-14,Frederick,Under Investigation,21727,
181506,Municipal Non-Complying Discharge,2023-09-15,2023-09-14,Allegany,Incident Closed-Managed,21502,2023-10-18
181498,"Illegal Discharge or Outfall, Water Pollutant Release",2023-09-13,2023-09-11,Baltimore City,Under Investigation,21230,
181497,"Illegal Dumping, Other",2023-09-13,2023-09-13,Anne Arundel,Under Investigation,,
181496,"Illegal Discharge or Outfall, Industrial",2023-09-13,2023-09-13,Baltimore City,Incident Closed-No Violation Observed,21223,2023-09-20
181495,"Non-Tidal Wetlands/Waterway, Sediment",2023-09-13,2023-09-13,Baltimore,Under Investigation,21230,
181494,Nontidal Wetlands,2023-09-13,2023-09-05,Worcester,Under Investigation,21842,
181493,Tidal Wetlands,2023-09-13,2023-09-08,Dorchester,Under Investigation,21613,
181492,"Other, Possible Permit Violation",2023-09-13,2023-09-13,Anne Arundel,Under Investigation,,
181486,Sewage/Sludge Release,2023-09-12,2023-09-12,Anne Arundel,Referred to Outside Agency,,
181485,Sewage/Sludge Release,2023-09-12,2023-09-12,Baltimore,Incident Closed-No Violation Observed,21224,2023-09-27
181484,Possible Permit Violation,2023-09-12,2023-09-12,Anne Arundel,Referred to Outside Agency,,
181481,Tidal Wetlands,2023-09-11,2023-09-01,Talbot,Under Investigation,21662,
181477,"Agricultural, Water Pollutant Release",2023-09-11,2023-09-11,Anne Arundel,Under Investigation,21122,
181476,Possible Permit Violation,2023-09-11,2023-09-11,Charles,Referred to Outside Agency,,
181475,Nontidal Wetlands,2023-09-11,2023-09-10,Washington,Under Investigation,21740,
181473,Illegal Discharge or Outfall,2023-09-08,2023-09-08,Baltimore,Under Investigation,21161,
181472,Sewage/Sludge Release,2023-09-08,2023-09-08,Anne Arundel,Referred to Outside Agency,,
181471,Other,2023-09-08,2023-09-08,Baltimore,Under Investigation,,
181470,Floodplain,2023-09-08,2023-08-31,Frederick,Under Investigation,21717,
181469,Tidal Wetlands,2023-09-08,2023-08-23,Wicomico,Under Investigation,21837,
181468,Tidal Wetlands,2023-09-07,2023-08-21,Prince George's,Under Investigation,20744,
181467,Nontidal Wetlands,2023-09-07,2023-09-07,Washington,Under Investigation,,
181466,Nontidal Wetlands,2023-09-07,2023-08-04,Montgomery,Under Investigation,20866,
181465,Sediment,2023-09-07,2023-09-07,Washington,Under Investigation,,
181464,"Chemical Release/Spill, Possible Permit Violation",2023-09-07,2023-08-25,Anne Arundel,Incident Closed-Managed,21401,2024-02-12
181463,Illegal Dumping,2023-09-07,2023-09-07,Anne Arundel,Incident Closed - No further action,21261,2024-01-22
181461,Tidal Wetlands,2023-09-06,2023-09-06,Anne Arundel,Referred to Attorney General's Office,21122,
181461,Tidal Wetlands,2023-09-06,2023-09-06,Anne Arundel,Referred to Attorney General's Office,21122,
181461,Tidal Wetlands,2023-09-06,2023-09-06,Anne Arundel,Referred to Attorney General's Office,21122,
181461,Tidal Wetlands,2023-09-06,2023-09-06,Anne Arundel,Referred to Attorney General's Office,21122,
181460,"Odor, Unknown Substance",2023-09-06,2023-09-06,Baltimore,Incident Closed-No Violation Observed,,2023-09-06
181449,Nontidal Wetlands,2023-09-05,2023-09-05,Frederick,Incident Closed-Managed,21702,2023-09-07
181448,Sewage/Sludge Release,2023-09-05,2023-09-03,Anne Arundel,Clean-up In Progress,21060,
181448,Sewage/Sludge Release,2023-09-05,2023-09-03,Anne Arundel,Clean-up In Progress,21060,
181446,"Non-Tidal Wetlands/Waterway, Sediment",2023-09-05,2023-09-05,Charles,Referred to Outside Agency,20602,
181446,"Non-Tidal Wetlands/Waterway, Sediment",2023-09-05,2023-09-05,Charles,Referred to Outside Agency,20602,
181445,Illegal Dumping,2023-09-05,2023-09-05,Charles,Referred to LMA,,
181444,Tidal Wetlands,2023-09-01,2023-08-31,Baltimore,Incident Closed-No Violation Observed,21221,2023-10-24
181443,"Stormwater, Surface Water Quality Complaint",2023-09-01,2023-09-01,Harford,Referred to Outside Agency,,
181441,"Illegal Dumping, Sediment/ Stormwater Problem",2023-09-01,2023-09-01,Baltimore,Under Investigation,21030,
181439,Sediment,2023-09-01,2023-09-01,Garrett,Under Investigation,21560,
181438,Oil Release/Spill,2023-09-01,2023-09-01,Allegany,Referred to Outside Agency,,
181436,Sediment,2023-09-01,2023-08-31,Frederick,Incident Closed-Managed,20842,2023-09-05
181434,Nontidal Wetlands,2023-08-31,2023-08-28,Washington,Under Investigation,,
181432,"Illegal Dumping, Other, Sediment",2023-08-31,2023-08-31,Baltimore City,Under Investigation,,
181431,Agricultural,2023-08-31,2023-08-30,Frederick,Under Investigation,21771,
181431,Agricultural,2023-08-31,2023-08-30,Frederick,Under Investigation,21771,
181429,Tidal Wetlands,2023-08-31,2023-08-25,Talbot,Incident Closed - No further action,21663,2023-10-03
181428,Sediment,2023-08-30,2023-08-29,Frederick,Incident Closed-Managed,21774,2023-08-30
181423,"Illegal Dumping, Sewage/Sludge Release",2023-08-29,2023-08-29,Calvert,Incident Closed-No Violation Observed,20657,2023-09-25
181423,"Illegal Dumping, Sewage/Sludge Release",2023-08-29,2023-08-29,Calvert,Incident Closed-No Violation Observed,20657,2023-09-25
181423,"Illegal Dumping, Sewage/Sludge Release",2023-08-29,2023-08-29,Calvert,Incident Closed-No Violation Observed,20657,2023-09-25
181423,"Illegal Dumping, Sewage/Sludge Release",2023-08-29,2023-08-29,Calvert,Incident Closed-No Violation Observed,20657,2023-09-25
181415,Nontidal Wetlands,2023-08-28,2023-08-18,Montgomery,Incident Closed-Managed,20872,2024-02-12
181414,Industrial Non-Complying Discharge,2023-08-28,2023-08-28,Allegany,Under Investigation,21502,
181411,Oil Release/Spill,2023-08-28,2023-08-28,Garrett,Referred to LMA,,
181410,Suspected Operation without Permit,2023-08-28,2023-08-28,Harford,Incident Closed-No Violation Observed,21084,2023-10-17
181410,Suspected Operation without Permit,2023-08-28,2023-08-28,Harford,Incident Closed-No Violation Observed,21084,2023-10-17
181409,Sediment,2023-08-25,2023-08-25,Garrett,Under Investigation,21531,
181408,Municipal/SSO,2023-08-25,2023-08-25,Anne Arundel,Incident Closed-Managed,21401,2023-08-30
181407,Sediment,2023-08-24,2023-08-24,Carroll,Referred to Outside Agency,,
181405,Sediment,2023-08-23,2023-08-23,Harford,Referred to Enforcement/Compliance,21085,
181402,Sediment,2023-08-21,2023-08-21,Harford,Incident Closed - No further action,,2023-09-06
181401,Illegal Discharge or Outfall,2023-08-21,2023-08-21,Baltimore,Incident Closed-Clean-up Completed,,2024-01-23
181401,Illegal Discharge or Outfall,2023-08-21,2023-08-21,Baltimore,Incident Closed-Clean-up Completed,,2024-01-23
181401,Illegal Discharge or Outfall,2023-08-21,2023-08-21,Baltimore,Incident Closed-Clean-up Completed,,2024-01-23
181401,Illegal Discharge or Outfall,2023-08-21,2023-08-21,Baltimore,Incident Closed-Clean-up Completed,,2024-01-23
181401,Illegal Discharge or Outfall,2023-08-21,2023-08-21,Baltimore,Incident Closed-Clean-up Completed,,2024-01-23
181397,Possible Permit Violation,2023-08-21,2023-08-21,Anne Arundel,Under Investigation,,
181395,Tidal Wetlands,2023-08-21,2023-08-21,Charles,Under Investigation,,
181394,Stormwater,2023-08-18,2023-08-18,Talbot,Under Investigation,21601,
181394,Stormwater,2023-08-18,2023-08-18,Talbot,Under Investigation,21601,
181393,Tidal Wetlands,2023-08-18,2023-08-17,Calvert,Incident Closed - No further action,20657,2023-08-31
181392,Industrial,2023-08-17,2023-08-07,Wicomico,Under Investigation,21804,
181390,Other,2023-08-17,2023-08-16,Outside of Maryland,Incident Closed-Managed,26726,2023-09-26
181389,Oil Release/Spill,2023-08-17,2023-08-17,St. Mary's,Under Investigation,,
181387,Nontidal Wetlands,2023-08-17,2023-08-13,Caroline,Under Investigation,21660,
181386,"Odor, Sediment/ Stormwater Problem",2023-08-16,2023-08-16,Baltimore,Under Investigation,,
181385,Nontidal Wetlands,2023-08-04,2023-08-04,Washington,Referred to WMA,,
181384,Tidal Wetlands,2023-08-16,2023-08-07,Wicomico,Under Investigation,21837,
181383,Tidal Wetlands,2023-08-15,2023-08-07,Caroline,Incident Closed - No further action,21655,2023-08-25
181382,Municipal,2023-08-15,2023-08-14,Worcester,Under Investigation,21851,
181381,"Chemical Release/Spill, Odor, Other",2023-08-15,2023-08-15,Baltimore,Incident Closed-Clean-up Completed,,2023-10-18
181381,"Chemical Release/Spill, Odor, Other",2023-08-15,2023-08-15,Baltimore,Incident Closed-Clean-up Completed,,2023-10-18
181380,Stormwater,2023-08-14,2023-08-14,Baltimore,Referred to Outside Agency,,
181378,Other,2023-08-14,2023-08-13,Frederick,Referred to Outside Agency,,
181377,Sewage/Sludge Release,2023-08-14,2023-08-14,Baltimore,Referred to Outside Agency,,
181374,Chemical Release/Spill,2023-08-14,2023-08-10,Washington,Under Investigation,,
181374,Chemical Release/Spill,2023-08-14,2023-08-10,Washington,Under Investigation,,
181373,Non-Tidal Wetlands/Waterway,2023-08-14,2023-08-11,Caroline,Referred to Enforcement/Compliance,,
181370,Water Pollutant Release,2023-08-10,2023-07-25,Baltimore City,Referred to Outside Agency,,
181369,"Sediment, Sediment/ Stormwater Problem",2023-08-10,2023-08-10,Baltimore,Incident Closed-Managed,21221,2023-09-15
181368,"Floodplain, Nontidal Wetlands, Sediment, Water Pollutant Release",2023-08-10,2023-08-10,Anne Arundel,Incident Closed-Managed,21035,2024-02-12
181367,Nontidal Wetlands,2023-08-10,2023-08-10,Anne Arundel,Incident Closed - No further action,21061,2023-11-22
181366,"Fish Kill, Sewage/Sludge Release",2023-08-10,2023-08-10,Calvert,Incident Closed-No Violation Observed,20657,2023-08-16
181364,Possible Permit Violation,2023-08-10,2023-08-10,Calvert,Incident Closed-No Violation Observed,20657,2023-08-15
181363,"Non-Tidal Wetlands/Waterway, Water Pollutant Release",2023-08-10,2023-08-09,Washington,Under Investigation,21740,
181362,"Possible Permit Violation, Sediment, Shellfish Waters",2023-08-09,2023-08-09,Calvert,Incident Closed-No Violation Observed,20657,2023-08-15
181361,Stormwater,2023-08-09,2023-08-09,Anne Arundel,Incident Closed-No Violation Observed,,2023-08-10
181360,Other,2023-08-09,2023-08-08,Frederick,Referred to Outside Agency,,
181357,Sediment/ Stormwater Problem,2023-08-08,2023-08-07,Howard,Referred to Outside Agency,,
181356,Fish Kill,2023-08-08,2023-08-08,Washington,Under Investigation,,
181356,Fish Kill,2023-08-08,2023-08-08,Washington,Under Investigation,,
181356,Fish Kill,2023-08-08,2023-08-08,Washington,Under Investigation,,
181354,"Possible Permit Violation, Tidal Wetlands",2023-08-08,2023-08-02,Baltimore,Incident Closed-Managed,21221,2023-10-27
181353,Nontidal Wetlands,2023-08-08,2023-08-01,Montgomery,Incident Closed-Managed,20842,2024-02-12
181352,Tidal Wetlands,2023-08-08,2023-07-31,Caroline,Under Investigation,21655,
181351,Illegal Wetland Alteration,2023-08-08,2023-07-26,Montgomery,Incident Closed-Managed,20876,2024-02-12
181351,Illegal Wetland Alteration,2023-08-08,2023-07-26,Montgomery,Incident Closed-Managed,20876,2024-02-12
181350,Waste,2023-08-08,2023-08-08,Washington,Referred to LMA,,
181347,Sediment,2023-08-08,2023-08-08,Dorchester,Under Investigation,21613,
181346,"Other, Sediment/ Stormwater Problem",2023-08-08,2023-08-08,Anne Arundel,Referred to Outside Agency,,
181345,Other,2023-08-08,2023-08-04,Allegany,Incident Closed-Managed,21562,2023-09-27
181344,"Possible Permit Violation, Sediment",2023-08-08,2023-08-08,Calvert,Referred to Outside Agency,,
181342,Sediment,2023-08-07,2023-08-07,Allegany,Under Investigation,21562,
181341,Sediment,2023-08-04,2023-08-04,Frederick,Incident Closed-Managed,21778,2023-09-22
181341,Sediment,2023-08-04,2023-08-04,Frederick,Incident Closed-Managed,21778,2023-09-22
181341,Sediment,2023-08-04,2023-08-04,Frederick,Incident Closed-Managed,21778,2023-09-22
181341,Sediment,2023-08-04,2023-08-04,Frederick,Incident Closed-Managed,21778,2023-09-22
181340,"Non-Tidal Wetlands/Waterway, Sediment, Suspected Operation without Permit",2023-08-04,2023-08-04,Anne Arundel,Incident Closed-No Violation Observed,21122,2023-08-17
181340,"Non-Tidal Wetlands/Waterway, Sediment, Suspected Operation without Permit",2023-08-04,2023-08-04,Anne Arundel,Incident Closed-No Violation Observed,21122,2023-08-17
181339,Tidal Wetlands,2023-08-04,2023-08-02,Cecil,Under Investigation,21914,
181338,"Other, Unknown Substance",2023-08-04,2023-08-03,Harford,Referred to Outside Agency,,
181336,"Floodplain, Nontidal Wetlands",2023-08-03,2023-08-02,Anne Arundel,Under Investigation,,
181335,Waste,2023-08-02,2023-08-02,Baltimore,Referred to Outside Agency,,
181334,Possible Permit Violation,2023-08-02,2023-08-02,Anne Arundel,Referred to Outside Agency,,
181333,"Oil Release/Spill, Other",2023-08-02,2023-08-02,Baltimore,Referred to Outside Agency,,
181332,"Odor, Sewage/Sludge Release",2023-08-02,2023-08-02,Baltimore,Incident Closed-No Violation Observed,21093,2023-08-10
181331,Nontidal Wetlands,2023-08-01,2023-07-25,Garrett,Under Investigation,21520,
181331,Nontidal Wetlands,2023-08-01,2023-07-25,Garrett,Under Investigation,21520,
181330,Other,2023-08-01,2023-08-01,Frederick,Incident Closed-Managed,,2023-08-02
181329,Nontidal Wetlands,2023-08-01,2023-06-27,Allegany,Under Investigation,21530,
181328,Nontidal Wetlands,2023-08-01,2023-07-25,Garrett,Under Investigation,21550,
181326,"Floodplain, Nontidal Wetlands, Sediment",2023-08-01,2023-07-31,Harford,Incident Closed-Managed,21047,2024-01-30
181325,Municipal Non-Complying Discharge,2023-08-01,2023-08-01,Cecil,Referred to Enforcement/Compliance,21921,
181323,Industrial Non-Complying Discharge,2023-07-31,2023-07-31,Prince George's,Under Investigation,,
181322,"Other, Sediment/ Stormwater Problem",2023-07-31,2023-07-31,Baltimore,Under Investigation,,
181321,"Non-Tidal Wetlands/Waterway, Surface Water Quality Complaint",2023-07-31,2023-07-31,St. Mary's,Under Investigation,,
181320,"Sediment, Tidal Wetlands, Water Pollutant Release",2023-07-31,2023-07-31,Charles,Under Investigation,20677,
181319,"Illegal Discharge or Outfall, Water Pollutant Release",2023-07-31,2023-07-31,Anne Arundel,Incident Closed-Managed,,2023-07-31
181318,Sewage/Sludge Release,2023-07-31,2023-07-31,Anne Arundel,Referred to Outside Agency,,
181317,"Non-Tidal Wetlands/Waterway, Other, Sediment/ Stormwater Problem",2023-07-31,2023-07-31,Baltimore,Incident Closed-No Violation Observed,21229,2023-09-08
181315,Oil Release/Spill,2023-07-28,2023-07-27,Baltimore City,Incident Closed - No further action,21226,2024-01-03
181310,Nontidal Wetlands,2023-07-27,2023-07-12,Talbot,Under Investigation,21601,
181310,Nontidal Wetlands,2023-07-27,2023-07-12,Talbot,Under Investigation,21601,
181309,"Odor, Sewage/Sludge Release",2023-07-26,2023-07-26,Anne Arundel,Under Investigation,,
181308,"Possible Permit Violation, Sediment",2023-07-25,2023-07-21,Calvert,Incident Closed-No Violation Observed,20678,2023-08-01
181306,Suspected Operation without Permit,2023-07-26,2023-07-26,Anne Arundel,Incident Closed-Managed,21401,2023-08-17
181305,Sediment,2023-07-26,2023-07-25,Montgomery,Incident Closed-Managed,20814,2024-02-13
181299,"Sediment, Stormwater",2023-07-25,2023-07-24,Baltimore,Incident Closed-No Violation Observed,,2023-07-26
181298,"Oil Release/Spill, Suspected Operation without Permit",2023-07-25,2023-07-25,Anne Arundel,Under Investigation,20724,
181298,"Oil Release/Spill, Suspected Operation without Permit",2023-07-25,2023-07-25,Anne Arundel,Under Investigation,20724,
181298,"Oil Release/Spill, Suspected Operation without Permit",2023-07-25,2023-07-25,Anne Arundel,Under Investigation,20724,
181298,"Oil Release/Spill, Suspected Operation without Permit",2023-07-25,2023-07-25,Anne Arundel,Under Investigation,20724,
181298,"Oil Release/Spill, Suspected Operation without Permit",2023-07-25,2023-07-25,Anne Arundel,Under Investigation,20724,
181298,"Oil Release/Spill, Suspected Operation without Permit",2023-07-25,2023-07-25,Anne Arundel,Under Investigation,20724,
181298,"Oil Release/Spill, Suspected Operation without Permit",2023-07-25,2023-07-25,Anne Arundel,Under Investigation,20724,
181298,"Oil Release/Spill, Suspected Operation without Permit",2023-07-25,2023-07-25,Anne Arundel,Under Investigation,20724,
181298,"Oil Release/Spill, Suspected Operation without Permit",2023-07-25,2023-07-25,Anne Arundel,Under Investigation,20724,
181288,Tidal Wetlands,2023-07-25,2023-07-25,Wicomico,Incident Closed-Managed,21801,2023-07-26
181287,"Sediment, Stormwater",2023-07-25,2023-07-25,Anne Arundel,Referred to Outside Agency,,
181286,"Sediment, Tidal Wetlands",2023-07-25,2023-07-25,Anne Arundel,Incident Closed-Managed,21409,2023-07-31
181285,Nontidal Wetlands,2023-07-24,2023-07-19,Dorchester,Under Investigation,21648,
181282,Drinking Water,2023-07-22,2023-07-22,Baltimore City,,,
181280,Illegal Discharge or Outfall,2023-07-22,2023-07-19,Baltimore City,Incident Closed - No further action,,2023-08-01
181279,Illegal Dumping,2023-07-22,2023-07-22,Baltimore City,Under Investigation,,
181277,Illegal Dumping,2023-07-21,2023-07-21,Anne Arundel,Under Investigation,21032,
181276,Water Pollutant Release,2023-07-21,2023-07-19,Outside of Maryland,Incident Closed-Managed,21795,2024-02-13
171277,Sediment,2023-07-20,2023-07-20,St. Mary's,Referred to Enforcement/Compliance,20653,
171276,Sediment,2023-07-20,2023-06-07,Harford,Incident Closed-Managed,,2023-08-21
171275,Sediment,2023-07-20,2023-07-20,Washington,Under Investigation,21722,
171274,Other,2023-07-20,2023-07-20,Washington,Under Investigation,21740,
171274,Other,2023-07-20,2023-07-20,Washington,Under Investigation,21740,
171274,Other,2023-07-20,2023-07-20,Washington,Under Investigation,21740,
171273,"Other, Possible Permit Violation",2023-07-20,2023-07-20,Anne Arundel,Incident Closed-Managed,21090,2023-08-07
171272,Other,2023-07-20,2023-07-20,Frederick,Incident Closed-Managed,,2023-07-20
171271,Stormwater,2023-07-19,2023-07-18,Montgomery,Under Investigation,,
171270,Other,2023-07-19,2023-07-19,Baltimore,Under Investigation,,
171269,Other,2023-07-19,2023-07-17,Allegany,Incident Closed-Managed,21502,2023-07-21
171268,Other,2023-07-18,2023-07-17,Allegany,Incident Closed-Managed,,2023-07-21
171267,Possible Permit Violation,2023-07-18,2023-07-18,Calvert,Incident Closed-No Violation Observed,20657,2023-07-26
171266,Sediment,2023-07-18,2023-07-15,Prince George's,Under Investigation,,
171265,Water Pollutant Release,2023-07-18,2023-07-16,Washington,Incident Closed-Managed,21771,2024-02-13
171264,Fish Kill,2023-07-18,2023-07-18,Baltimore,Under Investigation,,
171262,Nontidal Wetlands,2023-07-18,2023-07-18,Garrett,Under Investigation,21536,
171260,Illegal Dumping,2023-07-17,2023-07-17,Charles,Incident Closed-Clean-up Completed,20616,2023-09-08
171260,Illegal Dumping,2023-07-17,2023-07-17,Charles,Incident Closed-Clean-up Completed,20616,2023-09-08
171260,Illegal Dumping,2023-07-17,2023-07-17,Charles,Incident Closed-Clean-up Completed,20616,2023-09-08
171259,Unknown Substance,2023-07-17,2023-07-17,Baltimore City,Referred to Outside Agency,,
171258,Unknown Substance,2023-07-17,2023-07-17,Harford,Referred to Outside Agency,,
171256,Sediment,2023-07-17,2023-07-14,Montgomery,Under Investigation,20877,
171255,Possible Permit Violation,2023-07-17,2023-07-17,Anne Arundel,Referred to Outside Agency,,
171254,Sediment/ Stormwater Problem,2023-07-17,2023-07-06,Garrett,Under Investigation,21531,
171253,Illegal Dam,2023-07-17,2023-07-12,Queen Anne's,Incident Closed - No further action,21620,2023-07-20
171250,Tidal Wetlands,2023-07-13,2023-07-13,St. Mary's,Under Investigation,20690,
171249,"Possible Permit Violation, Tidal Wetlands",2023-07-13,2023-07-13,Baltimore,Incident Closed-Managed,21220,2023-08-01
171248,Illegal Dumping,2023-07-13,2023-07-13,Anne Arundel,Under Investigation,,
171246,Groundwater Contamination,2023-07-13,2023-06-10,Frederick,Incident Closed-Managed,,2023-06-16
171245,Sewage/Sludge Release,2023-07-13,2023-07-12,Frederick,Referred to Outside Agency,,
171244,Nontidal Wetlands,2023-07-12,2023-07-12,Talbot,Under Investigation,21601,
171244,Nontidal Wetlands,2023-07-12,2023-07-12,Talbot,Under Investigation,21601,
171243,Water Pollutant Release,2023-07-12,2023-07-12,Baltimore,Under Investigation,21219,
171242,"Illegal Discharge or Outfall, Sewage/Sludge Release",2023-07-14,2023-07-12,Baltimore,Referred to Enforcement/Compliance,21222,
171242,"Illegal Discharge or Outfall, Sewage/Sludge Release",2023-07-14,2023-07-12,Baltimore,Referred to Enforcement/Compliance,21222,
171242,"Illegal Discharge or Outfall, Sewage/Sludge Release",2023-07-14,2023-07-12,Baltimore,Referred to Enforcement/Compliance,21222,
171242,"Illegal Discharge or Outfall, Sewage/Sludge Release",2023-07-14,2023-07-12,Baltimore,Referred to Enforcement/Compliance,21222,
171242,"Illegal Discharge or Outfall, Sewage/Sludge Release",2023-07-14,2023-07-12,Baltimore,Referred to Enforcement/Compliance,21222,
171241,Nontidal Wetlands,2023-07-12,2023-07-10,Prince George's,Under Investigation,,
171240,"Chemical Release/Spill, Illegal Discharge or Outfall",2023-07-12,2023-07-12,Anne Arundel,Under Investigation,21403,
171239,Industrial Non-Complying Discharge,2023-07-12,2023-07-11,Dorchester,Under Investigation,21613,
171238,Tidal Wetlands,2023-07-12,2023-07-11,Worcester,Under Investigation,21842,
171238,Tidal Wetlands,2023-07-12,2023-07-11,Worcester,Under Investigation,21842,
171237,Sediment,2023-07-11,2023-07-10,Wicomico,Under Investigation,21801,
171236,Sediment/ Stormwater Problem,2023-07-11,2023-07-03,Baltimore,Incident Closed-Clean-up Completed,21234,2024-02-23
171236,Sediment/ Stormwater Problem,2023-07-11,2023-07-03,Baltimore,Incident Closed-Clean-up Completed,21234,2024-02-23
171236,Sediment/ Stormwater Problem,2023-07-11,2023-07-03,Baltimore,Incident Closed-Clean-up Completed,21234,2024-02-23
171236,Sediment/ Stormwater Problem,2023-07-11,2023-07-03,Baltimore,Incident Closed-Clean-up Completed,21234,2024-02-23
171236,Sediment/ Stormwater Problem,2023-07-11,2023-07-03,Baltimore,Incident Closed-Clean-up Completed,21234,2024-02-23
171236,Sediment/ Stormwater Problem,2023-07-11,2023-07-03,Baltimore,Incident Closed-Clean-up Completed,21234,2024-02-23
171236,Sediment/ Stormwater Problem,2023-07-11,2023-07-03,Baltimore,Incident Closed-Clean-up Completed,21234,2024-02-23
171230,Lead Paint Poisoning Complaint,2023-07-07,2023-07-07,Baltimore,Referred to Enforcement/Compliance,21211,
171229,Non-Tidal Wetlands/Waterway,2023-07-07,2023-07-02,Frederick,Referred to Outside Agency,,
171228,Sediment,2023-07-07,2023-07-07,Harford,Under Investigation,21085,
171224,Water Pollutant Release,2023-07-07,2023-07-07,Anne Arundel,Incident Closed - No further action,21122,2023-08-08
171220,Other,2023-07-06,2023-07-06,Frederick,Referred to Outside Agency,,
171219,Nontidal Wetlands,2023-07-05,2023-06-30,Frederick,Incident Closed-Managed,21701,2023-07-05
171216,Sediment,2023-07-05,2023-06-29,Wicomico,Under Investigation,21837,
171215,Tidal Wetlands,2023-07-03,2023-07-03,Anne Arundel,Incident Closed-Managed,20764,2024-02-13
171214,Sediment,2023-07-03,2023-07-03,Anne Arundel,Incident Closed-Managed,,2023-07-21
171208,Surface Water Quality Complaint,2023-06-29,2023-06-29,Baltimore,Incident Closed - No further action,21230,2024-01-23
171207,Unknown Substance,2023-06-29,2023-06-29,Baltimore City,Under Investigation,21230,
171203,Nontidal Wetlands,2023-06-29,2023-06-29,Frederick,Under Investigation,21778,
171203,Nontidal Wetlands,2023-06-29,2023-06-29,Frederick,Under Investigation,21778,
171201,Unknown Substance,2023-06-29,2023-06-29,Baltimore City,Under Investigation,,
171200,Nontidal Wetlands,2023-06-30,2023-06-30,Washington,Under Investigation,21758,
171199,Illegal Dam,2023-06-29,2310-06-28,Montgomery,Incident Closed-Managed,20874,2024-02-13
171198,Possible Permit Violation,2023-06-29,2023-06-29,Anne Arundel,Referred to Outside Agency,,
171197,Agricultural,2023-06-29,2023-06-28,Howard,Incident Closed-Managed,,2023-06-29
171196,"Illegal Discharge or Outfall, Water Pollutant Release",2023-06-29,2023-06-28,Anne Arundel,Incident Closed-Managed,21409,2023-07-21
171194,Waste,2023-06-28,2023-06-28,Baltimore,Referred to Outside Agency,,
171193,"Suspected Operation without Permit, Tidal Wetlands",2023-06-28,2023-06-28,Harford,Incident Closed - No further action,21085,2023-07-26
171192,Agricultural,2023-06-28,2023-06-26,Carroll,Referred to Outside Agency,,
171191,Illegal Dumping,2023-06-28,2023-06-23,Prince George's,Referred to Outside Agency,,
171190,Municipal,2023-06-28,2023-06-22,Carroll,Incident Closed-Managed,,2023-10-17
171189,Illegal Dumping,2023-06-27,2023-06-27,Baltimore,Incident Closed-No Violation Observed,21207,2023-06-28
171186,"Sediment, Sediment/ Stormwater Problem",2023-06-27,2023-06-27,Harford,Incident Closed-Clean-up Completed,21078,2023-08-01
171185,Oil Release/Spill,2023-06-27,2023-06-26,Allegany,Referred to LMA,,
171184,Non-Tidal Wetlands/Waterway,2023-06-27,2023-06-23,Allegany,Incident Closed-Managed,,2023-06-23
171183,"Floodplain, Suspected Operation without Permit",2023-06-26,2023-06-26,Harford,Under Investigation,,
171182,Other,2023-06-26,2023-06-22,Washington,Under Investigation,,
171178,Illegal Wetland Alteration,2023-06-26,2023-06-22,Not Yet Determined,Referred to Outside Agency,20659,
171169,Stormwater,2023-06-26,2023-06-22,Frederick,Referred to Outside Agency,21774,
171168,Sediment,2023-06-26,2023-06-26,Allegany,Referred to Outside Agency,21530,
171165,"Non-Tidal Wetlands/Waterway, Suspected Operation without Permit",2023-06-26,2023-06-26,Harford,Incident Closed - No further action,21161,2023-11-22
171163,Tidal Wetlands,2023-06-26,2023-05-19,Somerset,Under Investigation,21865,
171162,Sediment/ Stormwater Problem,2023-06-26,2023-06-26,Anne Arundel,Referred to Outside Agency,,
171161,Tidal Wetlands,2023-06-26,2023-04-23,Talbot,Under Investigation,21652,
171158,Tidal Wetlands,2023-06-26,2023-06-22,Dorchester,Under Investigation,21622,
171156,Sewage/Sludge Release,2023-06-24,2023-06-24,Calvert,Referred to Outside Agency,,
161155,"Chemical Release/Spill, Illegal Discharge or Outfall",2023-06-22,2023-06-22,Anne Arundel,Under Investigation,21113,
161153,Sediment,2023-06-22,2023-06-14,Cecil,Incident Closed - No further action,21921,2023-07-11
161152,Sediment/ Stormwater Problem,2023-06-22,2023-06-14,Cecil,Incident Closed - No further action,21911,2023-09-20
161151,Municipal,2023-06-22,2023-06-14,Howard,Under Investigation,21075,
161150,Odor,2023-06-21,2023-06-21,Baltimore,Incident Closed-Managed,21224,2023-06-21
161149,"Illegal Wetland Alteration, Nontidal Wetlands",2023-06-21,2023-06-21,Anne Arundel,Incident Closed-Clean-up Completed,21201,2024-02-14
161149,"Illegal Wetland Alteration, Nontidal Wetlands",2023-06-21,2023-06-21,Anne Arundel,Incident Closed-Clean-up Completed,21201,2024-02-14
161149,"Illegal Wetland Alteration, Nontidal Wetlands",2023-06-21,2023-06-21,Anne Arundel,Incident Closed-Clean-up Completed,21201,2024-02-14
161148,Sediment,2023-06-21,2023-06-21,Washington,Under Investigation,21740,
161147,"Illegal Discharge or Outfall, Illegal Dumping, Odor, Sewage/Sludge Release",2023-06-21,2023-06-21,Baltimore,Referred to Outside Agency,21224,
161145,Illegal Discharge or Outfall,2023-06-21,2023-05-23,Frederick,Referred to Outside Agency,,
161142,"Fumes, Sediment",2023-06-20,2023-06-20,Baltimore,Under Investigation,,
161140,Other,2023-06-20,2023-06-16,Frederick,Under Investigation,,
161139,Non-Tidal Wetlands/Waterway,2023-06-16,2023-06-09,Frederick,Incident Closed - No further action,21788,2023-06-16
161138,Sewage/Sludge Release,2023-06-16,2023-06-16,Baltimore City,Referred to Outside Agency,,
161137,Industrial Non-Complying Discharge,2023-06-16,2023-06-16,Prince George's,Incident Closed-Managed,20607,2024-02-13
161136,"Suspected Operation without Permit, Tidal Wetlands",2023-06-16,2023-06-15,Anne Arundel,Incident Closed-Managed,20751,2024-02-13
161133,Sediment/ Stormwater Problem,2023-06-15,2023-06-09,Allegany,Referred to Outside Agency,,
161131,"Non-Tidal Wetlands/Waterway, Sediment",2023-06-15,2023-06-05,Frederick,Under Investigation,21788,
161129,Other,2023-06-15,2023-06-14,Talbot,Incident Closed - No further action,21601,2023-07-05
161128,Non-Tidal Wetlands/Waterway,2023-06-15,2023-06-09,Washington,,21740,
161127,"Non-Tidal Wetlands/Waterway, Suspected Operation without Permit",2023-06-14,2023-06-14,Harford,Under Investigation,21001,
161127,"Non-Tidal Wetlands/Waterway, Suspected Operation without Permit",2023-06-14,2023-06-14,Harford,Under Investigation,21001,
161126,Tidal Wetlands,2023-06-14,2023-06-09,Dorchester,Under Investigation,21648,
161126,Tidal Wetlands,2023-06-14,2023-06-09,Dorchester,Under Investigation,21648,
161124,Sediment,2023-06-14,2023-06-14,Cecil,Incident Closed - No further action,21921,2023-07-24
161123,Sediment,2023-06-14,2023-06-07,Wicomico,Under Investigation,21801,
161123,Sediment,2023-06-14,2023-06-07,Wicomico,Under Investigation,21801,
161122,Tidal Wetlands,2023-06-14,2023-06-01,Dorchester,Under Investigation,21613,
161121,"Chemical Release/Spill, Sediment",2023-06-14,2023-06-13,Anne Arundel,Incident Closed-Clean-up Completed,21012,2023-06-30
161121,"Chemical Release/Spill, Sediment",2023-06-14,2023-06-13,Anne Arundel,Incident Closed-Clean-up Completed,21012,2023-06-30
161121,"Chemical Release/Spill, Sediment",2023-06-14,2023-06-13,Anne Arundel,Incident Closed-Clean-up Completed,21012,2023-06-30
161120,Tidal Wetlands,2023-06-14,2023-06-07,Dorchester,Under Investigation,21613,
161119,Industrial Non-Complying Discharge,2023-06-14,2023-06-14,Caroline,Incident Closed - No further action,21632,2023-06-16
161118,Sewage/Sludge Release,2023-06-14,2023-06-13,Baltimore City,Incident Closed-Managed,21215,2023-06-14
161117,Tidal Wetlands,2023-06-13,2023-06-08,Worcester,Under Investigation,21813,
161117,Tidal Wetlands,2023-06-13,2023-06-08,Worcester,Under Investigation,21813,
161114,Illegal Discharge or Outfall,2023-06-12,2023-06-09,Anne Arundel,Incident Closed-Managed,,2023-07-21
161113,"Agricultural, Floodplain",2023-06-12,2023-06-12,Harford,Incident Closed - No further action,,2023-08-29
161110,"Illegal Dumping, Oil Release/Spill",2023-06-10,2023-06-10,Charles,Under Investigation,20664,
161109,Sewage/Sludge Release,2023-06-09,2023-06-09,Anne Arundel,Incident Closed - No further action,21060,2023-08-28
161108,Non-Tidal Wetlands/Waterway,2023-06-09,2023-06-09,Calvert,Incident Closed-No Violation Observed,,2023-07-07
161103,Nontidal Wetlands,2023-06-09,2023-06-08,Harford,Under Investigation,21132,
161100,Chemical Release/Spill,2023-06-09,2023-06-08,Harford,Incident Closed-Managed,21017,2023-06-20
161099,Sediment,2023-06-09,2023-06-05,Wicomico,Incident Closed - No further action,21801,2023-07-20
161099,Sediment,2023-06-09,2023-06-05,Wicomico,Incident Closed - No further action,21801,2023-07-20
161098,Tidal Wetlands,2023-06-09,2023-06-08,Queen Anne's,Incident Closed - No further action,21638,2023-07-20
161097,Industrial,2023-06-09,2023-06-07,Kent,Incident Closed-Clean-up Completed,21620,2023-07-05
161096,Nontidal Wetlands,2023-06-09,2023-06-05,Frederick,Referred to Outside Agency,,
161095,Oil Release/Spill (Open Water),2023-06-08,2023-06-07,St. Mary's,,,
161094,"Illegal Wetland Alteration, Non-Tidal Wetlands/Waterway, Sediment",2023-06-08,2023-06-08,Baltimore,Incident Closed-Managed,21152,2024-02-13
161091,Possible Permit Violation,2023-06-08,2023-06-08,Anne Arundel,Referred to Outside Agency,,
161090,"Illegal Dumping, Non-Tidal Wetlands/Waterway",2023-06-08,2023-06-08,Carroll,Incident Closed-Managed,,2023-06-22
161088,Water Pollutant Release,2023-06-08,2023-06-04,Frederick,Under Investigation,21073,
161088,Water Pollutant Release,2023-06-08,2023-06-04,Frederick,Under Investigation,21073,
161087,Odor,2023-06-08,2023-06-01,Washington,Under Investigation,21740,
161085,"Non-Tidal Wetlands/Waterway, Suspected Operation without Permit",2023-06-08,2023-06-08,Anne Arundel,Referred to Outside Agency,,
161083,Water Pollutant Release,2023-06-08,2023-06-06,Frederick,Under Investigation,21073,
161082,Water Pollutant Release,2023-06-08,2023-06-05,Washington,Incident Closed-Managed,21073,2023-06-16
161067,Nontidal Wetlands,2023-06-07,2023-06-07,Carroll,Referred to WMA,21102-121,
161066,"Illegal Dumping, Other, Unknown Substance",2023-06-07,2023-06-07,Baltimore City,Under Investigation,,
161056,Oil Release/Spill,2023-06-06,2023-06-06,Anne Arundel,Incident Closed - No further action,21122,2023-06-23
161053,Tidal Wetlands,2023-06-06,2023-06-05,Worcester,Under Investigation,21811,
161052,Non-Tidal Wetlands/Waterway,2023-06-06,2023-06-04,Frederick,Under Investigation,21788,
161051,Non-Tidal Wetlands/Waterway,2023-06-06,2023-05-30,Frederick,Under Investigation,21769,
161050,Municipal/SSO,2023-06-05,2023-06-05,Montgomery,Under Investigation,,
161049,"Oil Release/Spill, Stormwater",2023-06-05,2023-06-05,Baltimore,Under Investigation,21236,
161048,"Air Pollutant Release, Floodplain, Other, Possible Permit Violation",2023-06-05,2023-06-04,Harford,Referred to Outside Agency,,
161047,Waste,2023-06-05,2023-06-01,Baltimore,Referred to Outside Agency,,
161046,Municipal/SSO,2023-06-05,2023-06-03,Anne Arundel,Incident Closed-Managed,21076,2024-02-13
161045,Municipal,2023-06-02,2023-06-02,Prince George's,Under Investigation,,
161044,Possible Permit Violation,2023-06-02,2023-06-02,Anne Arundel,Incident Closed - No further action,21108,2023-06-27
161044,Possible Permit Violation,2023-06-02,2023-06-02,Anne Arundel,Incident Closed - No further action,21108,2023-06-27
161043,Nontidal Wetlands,2023-06-02,2023-04-17,Carroll,Incident Closed-Managed,21074,2024-02-13
161039,Stormwater,2023-06-02,2023-06-02,Harford,Incident Not Applicable to MDE,,
161038,Floodplain,2023-06-02,2023-06-02,Washington,Under Investigation,21740,
161038,Floodplain,2023-06-02,2023-06-02,Washington,Under Investigation,21740,
161037,"Floodplain, Nontidal Wetlands",2023-06-02,2023-06-01,Washington,Under Investigation,21740,
161037,"Floodplain, Nontidal Wetlands",2023-06-02,2023-06-01,Washington,Under Investigation,21740,
161036,Tidal Wetlands,2023-06-02,2023-05-31,Kent,Incident Closed - No further action,21661,2023-06-23
161029,Sewage/Sludge Release,2023-06-02,2023-06-02,Baltimore,Referred to Outside Agency,,
161028,Industrial,2023-06-02,2023-06-01,Allegany,Under Investigation,21502,
161028,Industrial,2023-06-02,2023-06-01,Allegany,Under Investigation,21502,
161026,"Illegal Discharge or Outfall, Water Pollutant Release",2023-06-01,2023-06-01,Calvert,Referred to Enforcement/Compliance,20754,
161025,"Floodplain, Nontidal Wetlands",2023-06-01,2023-06-01,Washington,Under Investigation,21740,
161025,"Floodplain, Nontidal Wetlands",2023-06-01,2023-06-01,Washington,Under Investigation,21740,
161024,Sediment,2023-06-01,2023-06-01,Allegany,Under Investigation,21532,
161023,Unknown Substance,2023-05-31,2023-05-31,Anne Arundel,Incident Closed - No further action,21060,2023-06-14
161022,Municipal Non-Complying Discharge,2023-05-31,2023-05-31,Dorchester,Incident Closed - No further action,21664,2023-06-01
161021,Water Pollutant Release,2023-05-31,2023-05-31,Frederick,Incident Closed-Managed,21073,2023-06-15
161020,Industrial,2023-05-31,2023-05-31,Frederick,Incident Closed-Managed,21770,2023-05-31
161019,"Industrial, Stormwater",2023-05-31,2023-05-30,Baltimore,Referred to Enforcement/Compliance,21136,
161018,Floodplain,2023-05-30,2023-05-26,Garrett,Under Investigation,,
161017,Groundwater Contamination,2023-05-30,2023-04-05,Allegany,Under Investigation,,
161016,Non-Tidal Wetlands/Waterway,2023-05-30,2023-05-30,Allegany,Under Investigation,,
161015,Tidal Wetlands,2023-05-30,2023-05-30,St. Mary's,Referred to Enforcement/Compliance,,
161014,Industrial,2023-05-30,2023-05-26,Frederick,Incident Closed-Managed,21770,2023-05-31
161013,Industrial Non-Complying Discharge,2023-05-27,2023-05-26,Baltimore,Incident Closed-Managed,21204,2024-02-13
161011,"Other, Suspected Operation without Permit",2023-05-26,2023-05-26,Baltimore,Under Investigation,,
161010,Sediment,2023-05-26,2023-05-25,Harford,Referred to Outside Agency,21085,
161010,Sediment,2023-05-26,2023-05-25,Harford,Referred to Outside Agency,21085,
161009,Chemical Release/Spill,2023-05-26,2023-05-24,Prince George's,Referred to Outside Agency,,
161007,Tidal Wetlands,2023-05-25,2023-05-25,Cecil,Referred to Outside Agency,21901,
161005,Tidal Wetlands,2023-05-25,2023-05-23,Talbot,Incident Closed - No further action,21612,2023-06-30
161004,Industrial Non-Complying Discharge,2023-05-25,2023-05-22,Queen Anne's,Incident Closed-Clean-up Completed,21619,2023-07-18
161003,Sediment,2023-05-25,2023-05-24,Allegany,Under Investigation,,
161001,Illegal Discharge or Outfall,2023-05-24,2023-05-19,Washington,Under Investigation,21795,
160999,Municipal Non-Complying Discharge,2023-05-24,2023-05-22,Talbot,Incident Closed - No further action,21601,2023-05-31
160998,"Possible Permit Violation, Stormwater",2023-05-24,2023-05-24,Baltimore,Under Investigation,21093,
160997,"Illegal Dumping, Other, Sediment",2023-05-23,2023-05-23,Baltimore City,Under Investigation,21224,
160996,Fumes,2023-05-23,2023-05-23,Charles,Under Investigation,,
160995,Sediment,2023-05-23,2023-05-11,Dorchester,Incident Closed - No further action,21613,2023-07-13
160994,Sewage/Sludge Release,2023-05-23,2023-05-23,Baltimore,Referred to Outside Agency,,
160993,Nontidal Wetlands,2023-05-23,2023-05-15,Caroline,Incident Closed - No further action,21632,2023-07-14
160991,Possible Permit Violation,2023-05-22,2023-05-20,Anne Arundel,Under Investigation,,
160988,Industrial,2023-05-19,2023-05-18,Montgomery,,,
160987,"Illegal Discharge or Outfall, Sediment",2023-05-19,2023-05-18,Harford,Under Investigation,21005,
160985,Non-Tidal Wetlands/Waterway,2023-05-19,2023-05-18,Prince George's,Referred to Outside Agency,,
160984,Municipal Non-Complying Discharge,2023-05-19,2023-05-18,Prince George's,,,
160980,Tidal Wetlands,2023-05-19,2023-05-18,Dorchester,Under Investigation,21659,
150984,Industrial Non-Complying Discharge,2023-05-18,2023-05-17,Prince George's,Referred to Outside Agency,,
150980,"Sediment, Structural Failure",2023-05-18,2023-05-18,Anne Arundel,Referred to Outside Agency,,
150979,Illegal Dumping,2023-05-18,2023-05-17,Baltimore,Referred to Outside Agency,,
150976,"Possible Permit Violation, Tidal Wetlands",2023-05-17,2023-05-17,Calvert,Incident Closed-No Violation Observed,20685,2023-07-14
150975,Water Pollutant Release,2023-05-17,2023-05-15,Garrett,Incident Closed-Managed,21536,2023-05-22
150975,Water Pollutant Release,2023-05-17,2023-05-15,Garrett,Incident Closed-Managed,21536,2023-05-22
150974,Tidal Wetlands,2023-05-17,2023-05-15,Somerset,Incident Closed - No further action,21853,2023-08-31
150973,Sediment,2023-05-17,2023-05-11,Kent,Incident Closed - No further action,21620,2023-06-30
150972,Non-Tidal Wetlands/Waterway,2023-05-17,2023-05-12,Washington,Under Investigation,21779,
150972,Non-Tidal Wetlands/Waterway,2023-05-17,2023-05-12,Washington,Under Investigation,21779,
150971,Sediment,2023-05-17,2023-05-11,Kent,Under Investigation,21645,
150970,Industrial Non-Complying Discharge,2023-05-17,2023-05-15,Wicomico,Under Investigation,21801,
150968,Sediment,2023-05-17,2023-05-11,Wicomico,Under Investigation,21875,
150966,Water Pollutant Release,2023-05-17,2023-05-16,Garrett,Under Investigation,,
150962,"Non-Tidal Wetlands/Waterway, Sediment",2023-05-16,2023-05-12,Washington,Under Investigation,21742,
150961,Tidal Wetlands,2023-05-16,2023-05-16,Anne Arundel,Incident Closed-Managed,21122,2023-07-07
150961,Tidal Wetlands,2023-05-16,2023-05-16,Anne Arundel,Incident Closed-Managed,21122,2023-07-07
150961,Tidal Wetlands,2023-05-16,2023-05-16,Anne Arundel,Incident Closed-Managed,21122,2023-07-07
150960,Tidal Wetlands,2023-05-15,2023-05-15,Anne Arundel,Referred to Outside Agency,21122,
150959,Oil Release/Spill,2023-05-15,2023-05-12,Garrett,Under Investigation,21536,
150955,"Other, Sediment/ Stormwater Problem",2023-05-15,2023-05-15,Baltimore City,Referred to Enforcement/Compliance,21224,
150955,"Other, Sediment/ Stormwater Problem",2023-05-15,2023-05-15,Baltimore City,Referred to Enforcement/Compliance,21224,
150952,"Illegal Wetland Alteration, Possible Permit Violation",2023-05-15,2023-05-13,Anne Arundel,Referred to Outside Agency,,
150944,Chemical Release/Spill,2023-05-11,2023-04-22,Anne Arundel,Incident Closed - No further action,,2023-05-17
150943,"Suspected Operation without Permit, Tidal Wetlands",2023-05-11,2023-05-11,Baltimore,Incident Closed - No further action,21222,2023-11-07
150943,"Suspected Operation without Permit, Tidal Wetlands",2023-05-11,2023-05-11,Baltimore,Incident Closed - No further action,21222,2023-11-07
150942,Industrial,2023-05-11,2023-05-10,Montgomery,Under Investigation,20852,
150940,"Nontidal Wetlands, Sediment",2023-05-10,2023-05-10,Harford,Under Investigation,21085,
150939,"Non-Tidal Wetlands/Waterway, Sediment",2023-05-10,2023-05-10,Harford,Under Investigation,21085,
150937,Water Pollutant Release,2023-05-10,2023-05-10,Garrett,Incident Closed-Managed,21539,2023-05-25
150937,Water Pollutant Release,2023-05-10,2023-05-10,Garrett,Incident Closed-Managed,21539,2023-05-25
150936,"Non-Tidal Wetlands/Waterway, Sediment",2023-05-10,2023-05-08,Allegany,Incident Closed-Managed,21532,2023-05-23
150935,Industrial,2023-05-10,2023-05-09,Frederick,Incident Closed - No further action,21770,2023-05-10
150934,Sediment,2023-05-10,2023-05-09,Frederick,Under Investigation,,
150933,Stormwater,2023-05-10,2023-05-10,Baltimore,Referred to Outside Agency,,
150924,Sediment,2023-05-09,2023-05-08,Dorchester,Incident Closed - No further action,21613,2024-01-18
150921,Stormwater,2023-05-09,2023-05-09,Baltimore,Referred to Outside Agency,,
150920,Nontidal Wetlands,2023-05-09,2023-05-09,Garrett,Under Investigation,21536,
150919,Nontidal Wetlands,2023-05-09,2023-05-09,Garrett,Under Investigation,21536,
150918,Nontidal Wetlands,2023-05-09,2023-05-09,Washington,Under Investigation,21756-135,
150917,Sewage/Sludge Release,2023-05-09,2023-05-09,Baltimore City,Referred to Outside Agency,,
150913,Illegal Discharge or Outfall,2023-05-08,2023-05-08,Harford,Incident Closed - No further action,21085,2023-05-16
150912,Nontidal Wetlands,2023-05-08,2023-05-07,Montgomery,Referred to Outside Agency,,
150908,Tidal Wetlands,2023-05-05,2023-05-03,Dorchester,Incident Closed - No further action,21631,2023-06-05
150907,"Stormwater, Water Pollutant Release",2023-05-05,2023-05-04,Baltimore City,Under Investigation,21226,
150907,"Stormwater, Water Pollutant Release",2023-05-05,2023-05-04,Baltimore City,Under Investigation,21226,
150907,"Stormwater, Water Pollutant Release",2023-05-05,2023-05-04,Baltimore City,Under Investigation,21226,
150906,"Agricultural, Water Pollutant Release",2023-05-04,2023-05-04,Baltimore,Under Investigation,21082,
150904,Tidal Wetlands,2023-05-04,2023-05-04,Wicomico,Incident Closed - No further action,21840,2024-01-16
150903,Nontidal Wetlands,2023-05-04,2023-04-27,Cecil,Under Investigation,21919,
150901,Tidal Wetlands,2023-05-03,2023-03-28,Prince George's,,20744,
150900,Non-Tidal Wetlands/Waterway,2023-05-03,2023-05-02,Anne Arundel,Incident Closed-Managed,20751,2023-07-21
150899,Nontidal Wetlands,2023-05-03,2023-05-03,Frederick,Under Investigation,21702,
150898,Nontidal Wetlands,2023-05-02,2023-04-21,Frederick,Under Investigation,21073,
150897,Sediment,2023-05-02,2023-04-18,Frederick,Under Investigation,21701,
150895,Nontidal Wetlands,2023-05-02,2023-04-14,Frederick,Under Investigation,21757,
150892,Fish Kill,2023-05-02,2023-05-01,Montgomery,Under Investigation,20910,
150890,Oil Release/Spill,2023-05-01,2023-05-01,Baltimore City,Referred to LMA,,
150889,Water Pollutant Release,2023-05-01,2023-04-17,Baltimore,Referred to Enforcement/Compliance,21220,
150889,Water Pollutant Release,2023-05-01,2023-04-17,Baltimore,Referred to Enforcement/Compliance,21220,
150889,Water Pollutant Release,2023-05-01,2023-04-17,Baltimore,Referred to Enforcement/Compliance,21220,
150889,Water Pollutant Release,2023-05-01,2023-04-17,Baltimore,Referred to Enforcement/Compliance,21220,
150888,Tidal Wetlands,2023-05-01,2023-05-01,Anne Arundel,Incident Closed - No further action,21012,2023-05-25
150885,Oil Release/Spill,2023-05-01,2023-04-25,Washington,Referred to LMA,,
150884,Sediment,2023-05-01,2023-05-01,Dorchester,Under Investigation,21613,
150883,Municipal,2023-05-01,2023-05-01,Dorchester,Under Investigation,21613,
150882,Nontidal Wetlands,2023-05-01,2023-04-29,Anne Arundel,Incident Closed-Managed,21037,2024-02-13
150881,Non-Tidal Wetlands/Waterway,2023-04-28,2023-04-28,Baltimore,Referred to Outside Agency,,
150879,"Other, Water Seepage",2023-04-28,2023-04-28,Harford,Under Investigation,,
150878,Other,2023-04-28,2023-04-27,Harford,Under Investigation,,
150873,Industrial,2023-04-27,2023-04-27,Anne Arundel,Under Investigation,21108,
150866,Illegal Dumping,2023-04-27,2023-04-19,Montgomery,Under Investigation,20855,
150862,Sediment,2023-04-26,2023-04-25,Talbot,Under Investigation,21601,
150861,Sediment,2023-04-26,2023-04-25,Talbot,Incident Closed - No further action,,2023-04-26
150860,Surface Water Quality Complaint,2023-04-26,2023-04-15,Charles,Referred to Outside Agency,,
150857,Chemical Release/Spill,2023-04-25,2023-04-21,Anne Arundel,Incident Closed-Managed,21403,2023-04-26
150856,Industrial,2023-04-25,2023-04-25,Cecil,Under Investigation,21921,
150855,Nontidal Wetlands,2023-04-25,2023-04-23,Carroll,Incident Closed-Managed,21102,2023-10-17
150853,Tidal Wetlands,2023-04-24,2023-04-24,Calvert,Referred to Outside Agency,,
150852,Non-Tidal Wetlands/Waterway,2023-04-24,2023-04-23,Montgomery,Under Investigation,20815,
150851,Nontidal Wetlands,2023-04-24,2023-04-24,Washington,Under Investigation,,
150850,Nontidal Wetlands,2023-04-24,2023-04-24,Frederick,Incident Closed-Managed,,2023-04-26
150849,Non-Tidal Wetlands/Waterway,2023-04-24,2023-04-24,Harford,Incident Closed - No further action,,2023-05-04
150847,Tidal Wetlands,2023-04-24,2023-04-24,Anne Arundel,Incident Closed-Clean-up Completed,21409,2023-12-08
150847,Tidal Wetlands,2023-04-24,2023-04-24,Anne Arundel,Incident Closed-Clean-up Completed,21409,2023-12-08
150846,Tidal Wetlands,2023-04-24,2023-04-20,Anne Arundel,Incident Closed-Managed,20764,2023-04-27
150845,Tidal Wetlands,2023-04-24,2023-04-24,Anne Arundel,Incident Closed-Managed,20764,2023-04-27
150844,Industrial Non-Complying Discharge,2023-04-23,2023-04-21,Montgomery,Under Investigation,20910,
140833,"Other, Sediment",2023-04-20,2023-04-20,Baltimore City,Under Investigation,,
140828,Municipal,2023-04-19,2023-04-11,Garrett,Referred to Outside Agency,,
140825,Tidal Wetlands,2023-04-19,2023-03-10,Worcester,Under Investigation,21842,
140824,Sediment,2023-04-19,2023-04-19,Wicomico,Incident Closed - No further action,21801,2024-01-19
140824,Sediment,2023-04-19,2023-04-19,Wicomico,Incident Closed - No further action,21801,2024-01-19
140823,Nontidal Wetlands,2023-04-19,2023-04-19,Garrett,Incident Closed-Managed,21550,2023-05-10
140822,Tidal Wetlands,2023-04-18,2023-04-18,St. Mary's,Referred to Enforcement/Compliance,20674,
140821,"Other, Sediment",2023-04-18,2023-04-18,Anne Arundel,Under Investigation,,
140817,"Illegal Discharge or Outfall, Tidal Wetlands",2023-04-17,2023-04-17,Anne Arundel,Incident Closed - No further action,21146,2023-05-17
140814,Industrial,2023-04-17,2023-04-15,Baltimore City,Incident Closed - No further action,,2023-04-21
140814,Industrial,2023-04-17,2023-04-15,Baltimore City,Incident Closed - No further action,,2023-04-21
140812,Sediment,2023-04-14,2023-04-12,Anne Arundel,Referred to Outside Agency,21061,
140811,Water Pollutant Release,2023-04-14,2023-04-14,Baltimore,Incident Closed-Managed,21228,2024-02-13
140810,Nontidal Wetlands,2023-04-14,2023-04-14,Frederick,Referred to Outside Agency,,
140808,Oil Release/Spill (Surface),2023-04-14,2023-04-14,Frederick,Referred to Outside Agency,,
140807,Tidal Wetlands,2023-04-14,2023-04-14,Anne Arundel,Incident Closed - No further action,21409,2023-09-18
140807,Tidal Wetlands,2023-04-14,2023-04-14,Anne Arundel,Incident Closed - No further action,21409,2023-09-18
140806,Nontidal Wetlands,2023-04-14,2023-04-14,Anne Arundel,Under Investigation,21144,
140805,Sediment/ Stormwater Problem,2023-04-14,2023-04-14,Anne Arundel,Referred to Enforcement/Compliance,21113,
140805,Sediment/ Stormwater Problem,2023-04-14,2023-04-14,Anne Arundel,Referred to Enforcement/Compliance,21113,
140804,Illegal Dumping,2023-04-13,2023-04-13,Anne Arundel,Referred to WMA,21032,
140803,Non-Tidal Wetlands/Waterway,2023-04-13,2023-04-13,Washington,Under Investigation,21758,
140803,Non-Tidal Wetlands/Waterway,2023-04-13,2023-04-13,Washington,Under Investigation,21758,
140802,Other,2023-04-13,2023-04-13,Queen Anne's,Under Investigation,21620,
140801,"Illegal Wetland Alteration, Nontidal Wetlands",2023-04-13,2023-04-13,Harford,Incident Closed - No further action,,2023-05-04
140800,Sediment,2023-04-12,2023-04-11,Charles,,20646,
140799,Tidal Wetlands,2023-04-12,2023-04-12,Worcester,Incident Closed - No further action,21842,2023-04-14
140798,Sediment,2023-04-12,2023-03-23,Harford,Incident Closed - No further action,21078,2023-11-15
140794,Tidal Wetlands,2023-04-12,2023-04-11,Calvert,Incident Closed-No Violation Observed,20657,2023-05-24
140793,"Other, Sediment",2023-04-12,2023-04-12,Harford,Referred to Outside Agency,,
140790,Nontidal Wetlands,2023-04-12,2023-04-11,Talbot,Under Investigation,21771,
140789,Non-Tidal Wetlands/Waterway,2023-04-12,2023-04-11,Charles,Referred to Enforcement/Compliance,,
140788,Sediment,2023-04-11,2023-04-12,Harford,Referred to Outside Agency,21154,
140787,Nontidal Wetlands,2023-04-11,2023-04-11,Allegany,Under Investigation,21532,
140786,Chemical Release/Spill,2023-04-11,2023-04-05,Harford,Incident Closed - No further action,,2023-04-11
140785,Sediment,2023-04-11,2023-04-06,Wicomico,Incident Closed - No further action,21801,2023-04-06
140784,Municipal Non-Complying Discharge,2023-04-11,2023-04-11,Dorchester,Incident Closed - No further action,21677,2023-04-12
140784,Municipal Non-Complying Discharge,2023-04-11,2023-04-11,Dorchester,Incident Closed - No further action,21677,2023-04-12
140783,Industrial Non-Complying Discharge,2023-04-11,2023-04-10,Dorchester,Incident Closed - No further action,21613,2023-07-11
140779,"Illegal Discharge or Outfall, Illegal Dumping, Unknown Substance",2023-04-10,2023-04-10,Baltimore,Incident Closed - No further action,,2023-04-11
140770,"Sediment, Tidal Wetlands",2023-04-07,2023-04-07,Calvert,Incident Closed - No further action,20629,2023-04-07
140763,Tidal Wetlands,2023-04-05,2023-04-05,St. Mary's,Referred to Enforcement/Compliance,20653,
140762,Tidal Wetlands,2023-04-05,2023-04-05,St. Mary's,Referred to Enforcement/Compliance,20692,
140759,Tidal Wetlands,2023-04-05,2023-04-04,Talbot,Under Investigation,21601,
140758,"Illegal Discharge or Outfall, Illegal Dumping",2023-04-05,2021-04-05,Baltimore,Under Investigation,21093,
140754,Chemical Release/Spill,2023-04-04,2023-03-30,Anne Arundel,Incident Closed-No Violation Observed,20776,2023-04-13
140753,Sewage/Sludge Release,2023-04-04,2023-03-30,Baltimore,Incident Closed - No further action,,2023-04-06
140748,Nontidal Wetlands,2023-04-03,2023-03-09,Dorchester,Under Investigation,21613,
140747,Sediment,2023-04-03,2023-04-03,Allegany,Referred to Outside Agency,21502,
140746,Tidal Wetlands,2023-04-03,2023-04-03,St. Mary's,Referred to Enforcement/Compliance,,
140745,"Non-Tidal Wetlands/Waterway, Sediment",2023-04-03,2023-03-31,Washington,Under Investigation,21740,
140745,"Non-Tidal Wetlands/Waterway, Sediment",2023-04-03,2023-03-31,Washington,Under Investigation,21740,
140741,"Possible Permit Violation, Sediment",2023-04-03,2023-03-27,Anne Arundel,Incident Closed-Managed,21012,2024-02-13
140733,Unknown Substance,2023-03-31,2023-03-31,Baltimore,Incident Closed-Managed,21204,2024-02-13
140731,Other,2023-03-31,2023-03-22,Washington,Referred to Outside Agency,,
140730,Sediment,2023-03-31,2023-03-01,Wicomico,Under Investigation,21849,
140727,Sediment,2023-03-30,2023-03-30,Washington,Under Investigation,21740,
140725,"Illegal Dumping, Possible Permit Violation, Sediment",2023-03-30,2023-03-20,Anne Arundel,Referred to Outside Agency,,
140724,Oil Release/Spill,2023-03-30,2023-03-22,Worcester,Incident Closed - No further action,21863,2023-03-24
140723,Sediment,2023-03-30,2023-03-29,Cecil,Under Investigation,21915,
140722,Nontidal Wetlands,2023-03-30,2023-03-28,Somerset,Under Investigation,21817,
140722,Nontidal Wetlands,2023-03-30,2023-03-28,Somerset,Under Investigation,21817,
140721,Other,2023-03-30,2023-03-29,Washington,Referred to Outside Agency,,
140718,Sediment/ Stormwater Problem,2023-03-29,2023-03-22,Harford,Under Investigation,21078,
140717,Tidal Wetlands,2023-03-29,2023-03-29,Anne Arundel,Under Investigation,,
140711,Suspected Operation without Permit,2023-03-28,2023-03-28,Anne Arundel,Under Investigation,21122,
140711,Suspected Operation without Permit,2023-03-28,2023-03-28,Anne Arundel,Under Investigation,21122,
140711,Suspected Operation without Permit,2023-03-28,2023-03-28,Anne Arundel,Under Investigation,21122,
140702,Other,2023-03-27,2023-03-27,Washington,Incident Closed-Managed,,2023-04-26
140701,Other,2023-03-27,2023-03-22,Howard,Referred to Outside Agency,20723,
140699,Industrial,2023-03-27,2023-03-27,Frederick,Referred to Outside Agency,,
140698,Industrial,2023-03-27,2023-03-27,Frederick,Incident Closed-Managed,21701,2023-04-06
140697,"Possible Permit Violation, Suspected Operation without Permit",2023-03-27,2023-03-20,Baltimore,Referred to Outside Agency,,
140695,Stormwater,2023-03-24,2023-03-24,Baltimore,Incident Closed-Managed,21237,2024-02-13
140694,Tidal Wetlands,2023-03-24,2023-03-24,Queen Anne's,Under Investigation,21617,
140693,Sewage/Sludge Release,2023-03-24,2023-03-23,Anne Arundel,Incident Closed-Managed,21403,2024-02-13
140692,Suspected Operation without Permit,2023-03-24,2023-03-24,Calvert,Referred to Outside Agency,,
140691,Other,2023-03-24,2023-03-22,Anne Arundel,Incident Closed-Managed,21403,2023-08-04
140691,Other,2023-03-24,2023-03-22,Anne Arundel,Incident Closed-Managed,21401,2023-08-04
140689,Industrial,2023-03-24,2023-03-20,Frederick,Referred to Outside Agency,21770,
140688,Other,2023-03-24,2023-03-23,Frederick,Referred to Outside Agency,,
140687,Other,2023-03-24,2023-03-23,Washington,Referred to Outside Agency,21782,
140686,Sediment/ Stormwater Problem,2023-03-24,2023-03-23,Allegany,Incident Closed-Managed,21502,2023-03-23
140684,Sediment,2023-03-23,2023-03-20,Queen Anne's,Under Investigation,21617,
140683,Illegal Dumping,2023-03-23,2023-03-22,Baltimore,Referred to Outside Agency,,
140682,Non-Tidal Wetlands/Waterway,2023-03-23,2023-03-22,Charles,Under Investigation,,
140681,Nontidal Wetlands,2023-03-23,2023-03-12,St. Mary's,Incident Closed-Managed,20650,2024-02-13
140678,"Illegal Dumping, Possible Permit Violation, Sediment",2023-03-23,2023-03-22,Harford,Referred to Outside Agency,21084,
140677,Sewage/Sludge Release,2023-03-22,2023-03-22,Baltimore City,Under Investigation,,
140675,Tidal Wetlands,2023-03-22,2023-03-23,Wicomico,Under Investigation,21801,
140672,Nontidal Wetlands,2023-03-22,2023-03-13,Montgomery,Under Investigation,20837,
140669,Suspected Operation without Permit,2023-03-22,2023-03-22,Anne Arundel,Referred to Outside Agency,,
140665,Sediment,2023-03-22,2023-03-22,Talbot,Incident Closed - No further action,21673,2023-05-04
140664,"Industrial, Stormwater",2023-03-21,2023-03-17,Anne Arundel,Incident Closed-Managed,20724,2024-02-13
140663,"Industrial, Stormwater",2023-03-21,2023-03-17,Anne Arundel,Incident Closed-Managed,20724-141,2023-07-25
140662,"Industrial, Stormwater",2023-03-21,2023-03-17,Anne Arundel,Incident Closed-Managed,20724,2024-02-12
140661,"Industrial, Stormwater",2023-03-21,2023-03-17,Anne Arundel,Incident Closed-Managed,,2023-07-25
140660,"Industrial, Stormwater",2023-03-21,2023-03-17,Anne Arundel,Incident Closed-Managed,20794,2023-07-21
140659,Stormwater,2023-03-21,2023-03-17,Anne Arundel,Incident Closed-Managed,20724,2024-02-13
140658,"Other, Waste",2023-03-21,2023-03-21,Anne Arundel,Incident Closed-Managed,,2023-09-14
140657,Sediment,2023-03-21,2023-03-21,Cecil,Under Investigation,21921,
140656,Other,2023-03-20,2023-03-18,Garrett,Referred to Outside Agency,,
140655,Tidal Wetlands,2023-03-20,2023-03-20,Dorchester,Incident Closed - No further action,21631,2024-02-13
140650,Sediment,2023-03-20,2023-03-14,Allegany,Under Investigation,21502,
140650,Sediment,2023-03-20,2023-03-14,Allegany,Under Investigation,21502,
140650,Sediment,2023-03-20,2023-03-14,Allegany,Under Investigation,21502,
140650,Sediment,2023-03-20,2023-03-14,Allegany,Under Investigation,21502,
140650,Sediment,2023-03-20,2023-03-14,Allegany,Under Investigation,21502,
140650,Sediment,2023-03-20,2023-03-14,Allegany,Under Investigation,21502,
140643,"Illegal Dumping, Possible Permit Violation, Sediment",2023-03-17,2023-03-17,Anne Arundel,Incident Closed-Managed,,2023-08-15
140642,Industrial,2023-03-17,2023-03-16,Prince George's,Under Investigation,,
140641,"Non-Tidal Wetlands/Waterway, Sediment",2023-03-17,2023-03-16,Frederick,Referred to Outside Agency,,
140639,Illegal Discharge or Outfall,2023-03-16,2023-03-15,Prince George's,Referred to Outside Agency,,
140631,Sediment,2023-03-14,2023-03-14,Frederick,Referred to Outside Agency,21788,
140630,"Non-Tidal Wetlands/Waterway, Tidal Wetlands",2023-03-14,2023-03-08,Somerset,Under Investigation,21853,
140629,Nontidal Wetlands,2023-03-14,2023-02-24,Somerset,Under Investigation,21817,
140629,Nontidal Wetlands,2023-03-14,2023-02-24,Somerset,Under Investigation,21817,
140629,Nontidal Wetlands,2023-03-14,2023-02-24,Somerset,Under Investigation,21817,
140629,Nontidal Wetlands,2023-03-14,2023-02-24,Somerset,Under Investigation,21817,
140623,"Other, Unknown Substance",2023-03-13,2023-03-13,Baltimore,Referred to Outside Agency,21057,
140621,Municipal Non-Complying Discharge,2023-03-11,2023-03-11,Baltimore City,Referred to Enforcement/Compliance,21216,
140621,Municipal Non-Complying Discharge,2023-03-11,2023-03-11,Baltimore City,Referred to Enforcement/Compliance,21216,
140621,Municipal Non-Complying Discharge,2023-03-11,2023-03-11,Baltimore City,Referred to Enforcement/Compliance,21216,
140621,Municipal Non-Complying Discharge,2023-03-11,2023-03-11,Baltimore City,Referred to Enforcement/Compliance,21216,
140621,Municipal Non-Complying Discharge,2023-03-11,2023-03-11,Baltimore City,Referred to Enforcement/Compliance,21216,
140621,Municipal Non-Complying Discharge,2023-03-11,2023-03-11,Baltimore City,Referred to Enforcement/Compliance,21216,
140621,Municipal Non-Complying Discharge,2023-03-11,2023-03-11,Baltimore City,Referred to Enforcement/Compliance,21216,
140619,Industrial,2023-03-10,2023-03-10,Anne Arundel,Under Investigation,21226,
140619,Industrial,2023-03-10,2023-03-10,Anne Arundel,Under Investigation,21226,
140617,Nontidal Wetlands,2023-03-10,2023-03-10,Allegany,Referred to Outside Agency,,
140615,Water Pollutant Release,2023-03-10,2023-03-10,Charles,Under Investigation,20603,
140611,Tidal Wetlands,2023-03-10,2023-03-07,Dorchester,Incident Closed - No further action,21613,2023-03-10
140609,Nontidal Wetlands,2023-03-10,2023-03-07,Dorchester,Under Investigation,21613,
140608,Tidal Wetlands,2023-03-10,2023-03-07,Dorchester,Incident Closed - No further action,21613,2023-03-10
140606,"Illegal Dumping, Sediment",2023-03-10,2023-03-10,Anne Arundel,Under Investigation,21076,
140606,"Illegal Dumping, Sediment",2023-03-10,2023-03-10,Anne Arundel,Under Investigation,21076,
140604,Tidal Wetlands,2023-03-10,2023-03-08,Talbot,Under Investigation,21601,
140601,Waste,2023-03-09,2023-03-09,Anne Arundel,Referred to Outside Agency,,
140600,Stormwater,2023-03-09,2023-03-09,Baltimore,Incident Closed-Managed,21221,2024-02-13
140599,"Suspected Operation without Permit, Tidal Wetlands",2023-03-08,2023-03-08,Anne Arundel,Incident Closed-Managed,21037,2024-02-13
140598,Sediment,2023-03-08,2023-03-03,Washington,Incident Closed-Managed,21783,2023-04-18
140598,Sediment,2023-03-08,2023-03-03,Washington,Incident Closed-Managed,21783,2023-04-18
140597,Nontidal Wetlands,2023-03-08,2023-02-06,Wicomico,Incident Closed - No further action,21822,2023-07-05
140597,Nontidal Wetlands,2023-03-08,2023-02-06,Wicomico,Incident Closed - No further action,21822,2023-07-05
140596,Other,2023-03-08,2023-03-07,Allegany,Referred to Outside Agency,,
140595,Sediment,2023-03-08,2023-03-06,Wicomico,Under Investigation,21804,
140594,Illegal Discharge or Outfall,2023-03-07,2023-02-21,Prince George's,Referred to Outside Agency,,
140592,Industrial,2023-03-07,2023-03-06,Wicomico,Under Investigation,21830,
140591,Industrial,2023-03-07,2023-03-06,Wicomico,Under Investigation,21830,
140589,"Chemical Release/Spill, Illegal Discharge or Outfall, Unknown Substance",2023-03-06,2023-03-06,Anne Arundel,Referred to Enforcement/Compliance,21225,
140589,"Chemical Release/Spill, Illegal Discharge or Outfall, Unknown Substance",2023-03-06,2023-03-06,Anne Arundel,Referred to Enforcement/Compliance,21225,
140588,Chemical Release/Spill,2023-03-06,2023-03-02,Anne Arundel,Incident Closed-Managed,21403,2024-02-13
140583,Nontidal Wetlands,2023-03-06,2023-03-06,Cecil,Under Investigation,21915,
140578,"Other, Unknown Substance",2023-03-03,2023-03-03,Harford,Incident Closed - No further action,21154,2024-02-13
140577,Tidal Wetlands,2023-03-03,2023-03-03,Anne Arundel,Incident Closed - No further action,,2023-03-07
140575,Tidal Wetlands,2023-03-03,2023-02-24,Cecil,Incident Closed - No further action,21919,2023-07-25
140574,Sewage/Sludge Release,2023-03-02,2023-03-01,Charles,Referred to WMA,,
140572,"Agricultural, Drinking Water, Illegal Dumping, Possible Permit Violation, Sediment",2023-03-02,2023-03-02,Anne Arundel,Referred to Outside Agency,,
140568,Sediment,2023-03-02,2023-03-01,Allegany,Incident Closed-Managed,21532,2023-03-01
140566,Industrial,2023-03-01,2023-02-28,Dorchester,Referred to LMA,21643,
140565,"Oil Release/Spill (Surface), Possible Permit Violation",2023-03-01,2023-03-01,Baltimore,Under Investigation,21234,
140564,Illegal Wetland Alteration,2023-03-01,2023-03-01,St. Mary's,Under Investigation,20680,
140563,Non-Tidal Wetlands/Waterway,2023-03-01,2023-02-28,Allegany,Incident Closed-Managed,21545,2023-03-02
140562,Tidal Wetlands,2023-02-28,2023-02-28,Anne Arundel,Under Investigation,21122,
140562,Tidal Wetlands,2023-02-28,2023-02-28,Anne Arundel,Under Investigation,21122,
140562,Tidal Wetlands,2023-02-28,2023-02-28,Anne Arundel,Under Investigation,21122,
140561,"Illegal Wetland Alteration, Non-Tidal Wetlands/Waterway, Sediment",2023-02-27,2023-02-27,Anne Arundel,Incident Closed-Managed,,2023-03-06
140559,Non-Tidal Wetlands/Waterway,2023-02-27,2023-02-27,Frederick,Under Investigation,21774,
140559,Non-Tidal Wetlands/Waterway,2023-02-27,2023-02-27,Frederick,Under Investigation,21774,
140557,"Illegal Dumping, Possible Permit Violation, Sediment",2023-02-27,2023-02-27,Baltimore City,Under Investigation,,
140548,"Sediment, Sewage/Sludge Release",2023-02-24,2023-02-22,Baltimore City,Referred to Outside Agency,,
140542,Tidal Wetlands,2023-02-24,2023-02-17,Somerset,Under Investigation,21824,
140536,Industrial,2023-02-24,2023-02-24,Baltimore City,Under Investigation,21226,
140536,Industrial,2023-02-24,2023-02-24,Baltimore City,Under Investigation,21226,
140536,Industrial,2023-02-24,2023-02-24,Baltimore City,Under Investigation,21226,
140536,Industrial,2023-02-24,2023-02-24,Baltimore City,Under Investigation,21226,
140534,Water Pollutant Release,2023-02-24,2023-02-23,Baltimore City,Incident Closed-Managed,21226,2024-02-13
140533,Non-Tidal Wetlands/Waterway,2023-02-24,2023-02-21,Frederick,Incident Closed-Managed,21788,2023-03-20
140532,Industrial,2023-02-24,2023-02-22,Frederick,Referred to LMA,,
140531,Tidal Wetlands,2023-02-24,2023-02-24,St. Mary's,Referred to Enforcement/Compliance,20653,
130534,"Nontidal Wetlands, Stormwater",2023-02-23,2023-02-23,Charles,Under Investigation,20695,
